equi;role;manufact;detail;domaine;label0;label1;label2;label3;label4;event;action;Require;Service;priority;due_at;planned_at;budget;duration;performed_by
Scie à ruban MAAC;Scie à ruban;MAAC;;OPE;Absence;Avertissement;Risque;coupure;écrasement;Absence d'affichage des risques résiduels de coupure et d'écrasement.;Mettre en place des pictogrammes appropriés.;1;MAINT;2;03/09/2021 00:00;21/06/21 00:00;5;0.1;IJDU
Scie verticale PEHAKA;Scie verticale;PEHAKA;;MECA;Absence;Avertissement;Risque;coupure;;Absence d'avertissement du risque de coupure au niveau de la lame.;Mettre en place des pictogrammes appropriés.;1;MAINT;2;03/09/2021 00:00;21/06/21 00:00;5;0.1;IJDU
Cintreuse EONOR;Cintreuse;EONOR;;MECA;Absence;Avertissement;Risque;entrainement;écrasement;Absence d'avertissement du risque résiduel d'écrasement et d'entrainement au niveau des galets de la cintreuse.;Mettre en place des pictogrammes appropriés.;1;MAINT;2;03/09/2021 00:00;21/06/21 00:00;5;0.1;IJDU
Rouleuse BOMBLED;Rouleuse;BOMBLED;;MECA;Absence;Avertissement;Risque;entrainement;écrasement;Absence d'avertissement du risque résiduel d'écrasement et d'entrainement au niveau des cylindres de la rouleuse.;Mettre en place des pictogrammes appropriés.;1;MAINT;2;03/09/2021 00:00;21/06/21 00:00;5;0.1;IJDU
Tour parralèle transformé en rectifieuse cylindrique;Rectifieuse cylindrique;CROWN;;ELEC;Absence;Avertissement;Risque;;;Absence d'avertissement du risque résiduel électrique au niveau de l'armoire de commande.;Mettre en place des pictogrammes appropriés.;1;MAINT;1;04/06/2021 00:00;21/06/21 00:00;5;0.1;IJDU
Tour parralèle H.ERNAULT.SOMUA Num 9159;Tour parallèle;H.ERNAULT.SOMUA;Num 9159;ELEC;Absence;Avertissement;Risque;;;Absence d'avertissement du risque résiduel électrique au niveau des portes d'accès à l'armoire électrique.;Mettre en place des pictogrammes appropriés.;1;MAINT;1;04/06/2021 00:00;21/06/21 00:00;5;0.1;IJDU
Scie verticale PEHAKA;Scie verticale;PEHAKA;;ELEC;Absence;Eclairage;;;;Absence d'éclairage complémentaire.;A installer.;1;MAINT;2;03/09/2021 00:00;03/09/21 00:00;50;1;IJDU
Perceuse à colonne SYDERIC Num 06I279;Perceuse à colonne;SYDERIC;Num 06I279;ELEC;Absence;Eclairage;;;;Absence d'éclairage complémentaire.;A installer.;1;MAINT;2;03/09/2021 00:00;03/09/21 00:00;50;1;IJDU
Perceuse à colonne STOKVIS Num 1661;Perceuse à colonne;STOKVIS;Num 1661;ELEC;Absence;Eclairage;;;;Absence d'éclairage complémentaire.;A installer.;1;MAINT;2;03/09/2021 00:00;03/09/21 00:00;50;1;IJDU
Tour parralèle CAZENEUVE;Tour parallèle;CAZENEUVE;;ELEC;Absence;Identification;cablage et appareillage;;;Absence d'identification de l'ensemble de l'appareillage électrique présent dans l'armoire.;A identifier de façon claire en adéquation avec le schéma électrique.;1;MAINT;2;03/09/2021 00:00;21/06/21 00:00;10;0.5;IJDU
Tour parralèle H.ERNAULT.SOMUA Num 11531;Tour parallèle;H.ERNAULT.SOMUA;Num 11531;ELEC;Absence;Identification;cablage et appareillage;;;Absence d'identification de l'ensemble de l'appareillage électrique présent dans l'armoire.;A identifier de façon claire en adéquation avec le schéma électrique.;1;MAINT;2;03/09/2021 00:00;21/06/21 00:00;10;0.5;IJDU
Tour parralèle H.ERNAULT.SOMUA Num 9159;Tour parallèle;H.ERNAULT.SOMUA;Num 9159;ELEC;Absence;Identification;cablage et appareillage;;;Absence d'identification de l'ensemble de l'appareillage électrique présent dans l'armoire.;A identifier de façon claire en adéquation avec le future schéma électrique.;1;MAINT;2;03/09/2021 00:00;21/06/21 00:00;10;0.5;IJDU
Fraiseuse G.DUFOUR;Fraiseuse;G.DUFOUR;;ELEC;Absence;Identification;cablage et appareillage;;;Absence d'identification de l'ensemble de l'appareillage électrique présent dans l'armoire.;A identifier de façon claire en adéquation avec le schéma électrique.;1;MAINT;2;03/09/2021 00:00;21/06/21 00:00;10;0.5;IJDU
Fraiseuse G.DUFOUR Num C0-01-451;Fraiseuse;G.DUFOUR;Num C0-01-451;ELEC;Absence;Identification;cablage et appareillage;;;Absence d'identification de l'ensemble de l'appareillage électrique présent dans l'armoire.;A identifier de façon claire en adéquation avec le schéma électrique.;1;MAINT;2;03/09/2021 00:00;21/06/21 00:00;10;0.5;IJDU
Presse hydraulique FOG;Presse hydraulique;FOG;;ELEC;Absence;Identification;cablage et appareillage;;;Absence d'identification de l'ensemble de l'appareillage électrique présent dans l'armoire.;A identifier de façon claire en adéquation avec le schéma électrique.;1;MAINT;2;03/09/2021 00:00;21/06/21 00:00;10;0.5;IJDU
Tour parralèle transformé en rectifieuse cylindrique;Rectifieuse cylindrique;CROWN;;ELEC;Absence;Identification;cablage et appareillage;;;Absence d'identification de l'ensemble de l'appareillage électrique présent dans l'armoire.;A identifier de façon claire en adéquation avec le schéma électrique.;1;MAINT;2;03/09/2021 00:00;21/06/21 00:00;10;0.5;IJDU
Scie verticale PEHAKA;Scie verticale;PEHAKA;;OPE;Absence;Identification;Commande(s);;;Absence d'identification de la commande d'arrêt au pied.;A identifier clairement et durablement.;1;MAINT;2;03/09/2021 00:00;25/06/21 00:00;20;0.25;IJDU
Scie à ruban MAAC;Scie à ruban;MAAC;;OPE;Absence;Identification;Commande(s);;;Absence d'identification de la commande de réglage de la descente de la lame.;A identifier clairement et durablement.;1;MAINT;2;03/09/2021 00:00;25/06/21 00:00;20;0.25;IJDU
Touret à meuler (Local rectifieuses);Touret à meuler;;(Local rectifieuses);OPE;Absence;Identification;Commande(s);;;Absence d'identification de la pédale d'arrêt de la machine et du sélecteur à clé.;A identifier clairement et durablement.;1;MAINT;2;03/09/2021 00:00;25/06/21 00:00;20;0.25;IJDU
Perceuse à colonne SYDERIC Num 06I279;Perceuse à colonne;SYDERIC;Num 06I279;OPE;Absence;Identification;Commande(s);;;Absence d'identification de la pédale d'arrêt de la machine.;A identifier clairement et durablement.;1;MAINT;2;03/09/2021 00:00;25/06/21 00:00;20;0.25;IJDU
Perceuse à colonne CINCINNATI Num 22118P450;Perceuse à colonne;CINCINNATI;Num 22118P450;OPE;Absence;Identification;Commande(s);;;Absence d'identification de la pédale d'arrêt et de la commande de l'éclairage.;A réaliser clairement et durablement.;1;MAINT;2;03/09/2021 00:00;25/06/21 00:00;20;0.25;IJDU
Perceuse à colonne STOKVIS Num 1661;Perceuse à colonne;STOKVIS;Num 1661;OPE;Absence;Identification;Commande(s);;;Absence d'identification de la pédale d'arrêt et de la commande de l'éclairage.;A réaliser clairement et durablement.;1;MAINT;2;03/09/2021 00:00;25/06/21 00:00;20;0.25;IJDU
Perceuse à colonne CINCINNATI Num 5536;Perceuse à colonne;CINCINNATI;Num 5536;OPE;Absence;Identification;Commande(s);;;Absence d'identification de la pédale d'arrêt et de plusieurs commandes du boitier de commande.;A réaliser clairement et durablement.;1;MAINT;2;03/09/2021 00:00;25/06/21 00:00;20;0.25;IJDU
Polisseuse (Local serrurerie);Polisseuse;CROWN;;OPE;Absence;Identification;Commande(s);;;Absence d'identification de la pédale d'arrêt.;A identifier clairement et durablement.;1;MAINT;2;03/09/2021 00:00;25/06/21 00:00;20;0.25;IJDU
Mandrin motorisé CROWN;Mandrin motorisé;CROWN;;OPE;Absence;Identification;Commande(s);;;Absence d'identification de la pédale de commande.;A identifier clairement et durablement.;1;MAINT;2;03/09/2021 00:00;25/06/21 00:00;20;0.25;IJDU
Rectifieuse cylindrique CAENAHO;Rectifieuse cylindrique;CAENAHO;;OPE;Absence;Identification;Commande(s);;;Absence d'identification de nombreuses commandes (Pédale, leviers et boutons).;A identifier clairement et durablement.;1;MAINT;2;03/09/2021 00:00;25/06/21 00:00;20;0.25;IJDU
Rectifieuse plane PARKER MAJESTIC Num 93;Rectifieuse plane;PARKER MAJESTIC;Num 93;OPE;Absence;Identification;Commande(s);;;Absence d'identification de nombreuses commandes.;A identifier clairement et durablement.;1;MAINT;2;03/09/2021 00:00;25/06/21 00:00;20;0.25;IJDU
Rectifieuse plane PANHARD;Rectifieuse plane;PANHARD;;OPE;Absence;Identification;Commande(s);;;Absence d'identification de nombreuses commandes.;A identifier clairement et durablement.;1;MAINT;2;03/09/2021 00:00;25/06/21 00:00;20;0.25;IJDU
Polisseuse (Local serrurerie);Polisseuse;CROWN;;ELEC;Absence;Identification;cablage et appareillage;;;Absence d'identification des différents boitiers électriques.;A identifier clairement et durablement.;1;MAINT;2;03/09/2021 00:00;25/06/21 00:00;20;0.25;IJDU
Touret à meuler CONSTAN Num 947248;Touret à meuler;CONSTAN;Num 947248;OPE;Absence;Identification;Commande(s);;;Absence d'identification du bouton de commande.;A identifier clairement et durablement.;1;MAINT;2;03/09/2021 00:00;25/06/21 00:00;20;0.25;IJDU
Perceuse à colonne ADAM (Local serrurerie);Perceuse à colonne;ADAM;(Local serrurerie);OPE;Absence;Identification;Commande(s);;;Absence d'identification du bouton de mise en rotation du mandrin et de l'éclairage.;A réaliser clairement et durablement.;1;MAINT;2;03/09/2021 00:00;25/06/21 00:00;20;0.25;IJDU
Touret à meuler CONSTAN Num L.51641;Touret à meuler;CONSTAN;Num L.51641;ELEC;Absence;Identification;cablage et appareillage;;;Absence d'identification du câblage électrique.;A identifier en adéquation avec le futur schéma électrique.;1;MAINT;2;03/09/2021 00:00;11/09/21 00:00;100;0.5;IJDU
Perceuse à colonne CINCINNATI Num 7020;Perceuse à colonne;CINCINNATI;Num 7020;ELEC;Absence;Identification;cablage et appareillage;;;Absence d'identification du câblage électrique.;A identifier en adéquation avec le futur schéma électrique.;1;MAINT;2;03/09/2021 00:00;11/09/21 00:00;100;0.5;IJDU
Perceuse à colonne SYDERIC Num 06I279;Perceuse à colonne;SYDERIC;Num 06I279;ELEC;Absence;Identification;cablage et appareillage;;;Absence d'identification du câblage électrique.;A identifier en adéquation avec le futur schéma électrique.;1;MAINT;2;03/09/2021 00:00;11/09/21 00:00;100;0.5;IJDU
Touret à meuler CONSTAN Num 50366;Touret à meuler;CONSTAN;Num 50366;ELEC;Absence;Identification;cablage et appareillage;;;Absence d'identification du câblage électrique.;A identifier en adéquation avec le futur schéma électrique.;1;MAINT;2;03/09/2021 00:00;11/09/21 00:00;100;0.5;IJDU
Touret à meuler CONSTAN Num 14972;Touret à meuler;CONSTAN;Num 14972;ELEC;Absence;Identification;cablage et appareillage;;;Absence d'identification du câblage électrique.;A identifier en adéquation avec le futur schéma électrique.;1;MAINT;2;03/09/2021 00:00;11/09/21 00:00;100;0.5;IJDU
Touret à meuler (Local rectifieuses);Touret à meuler;;(Local rectifieuses);ELEC;Absence;Identification;cablage et appareillage;;;Absence d'identification du câblage électrique.;A identifier en adéquation avec le futur schéma électrique.;1;MAINT;2;03/09/2021 00:00;11/09/21 00:00;100;0.5;IJDU
Touret à meuler CONSTAN Num 947248;Touret à meuler;CONSTAN;Num 947248;ELEC;Absence;Identification;cablage et appareillage;;;Absence d'identification du câblage électrique.;A identifier en adéquation avec le futur schéma électrique.;1;MAINT;2;03/09/2021 00:00;11/09/21 00:00;100;0.5;IJDU
Perceuse à colonne CINCINNATI Num 13428;Perceuse à colonne;CINCINNATI;Num 13428;ELEC;Absence;Identification;cablage et appareillage;;;Absence d'identification du câblage électrique.;A identifier en adéquation avec le futur schéma électrique.;1;MAINT;2;03/09/2021 00:00;11/09/21 00:00;100;0.5;IJDU
Perceuse à colonne ADAM (Local serrurerie);Perceuse à colonne;ADAM;(Local serrurerie);ELEC;Absence;Identification;cablage et appareillage;;;Absence d'identification du câblage électrique.;A identifier en adéquation avec le futur schéma électrique.;1;MAINT;2;03/09/2021 00:00;11/09/21 00:00;100;0.5;IJDU
Rectifieuse plane PARKER MAJESTIC Num 93;Rectifieuse plane;PARKER MAJESTIC;Num 93;ELEC;Absence;Identification;cablage et appareillage;;;Absence d'identification du câblage électrique.;A identifier en adéquation avec le futur schéma électrique.;1;MAINT;2;03/09/2021 00:00;11/09/21 00:00;100;0.5;IJDU
Rectifieuse plane PANHARD;Rectifieuse plane;PANHARD;;ELEC;Absence;Identification;cablage et appareillage;;;Absence d'identification du câblage électrique.;A identifier en adéquation avec le futur schéma électrique mis à jour.;1;MAINT;2;03/09/2021 00:00;11/09/21 00:00;100;0.5;IJDU
Rectifieuse cylindrique CAENAHO;Rectifieuse cylindrique;CAENAHO;;ELEC;Absence;Identification;cablage et appareillage;;;Absence d'identification du câblage électrique.;A identifier en adéquation avec le futur schéma électrique.;1;MAINT;2;03/09/2021 00:00;11/09/21 00:00;100;0.5;IJDU
Polisseuse (Local serrurerie);Polisseuse;CROWN;;ELEC;Absence;Identification;cablage et appareillage;;;Absence d'identification du câblage électrique.;A identifier en adéquation avec le futur schéma électrique.;1;MAINT;2;03/09/2021 00:00;11/09/21 00:00;100;0.5;IJDU
Cintreuse EONOR;Cintreuse;EONOR;;ELEC;Absence;Identification;cablage et appareillage;;;Absence d'identification du câblage électrique.;A identifier en adéquation avec le futur schéma électrique.;1;MAINT;2;03/09/2021 00:00;11/09/21 00:00;100;0.5;IJDU
Rouleuse BOMBLED;Rouleuse;BOMBLED;;ELEC;Absence;Identification;cablage et appareillage;;;Absence d'identification du câblage électrique.;A identifier en adéquation avec le futur schéma électrique.;1;MAINT;2;03/09/2021 00:00;11/09/21 00:00;100;0.5;IJDU
Cintreuse EONOR;Cintreuse;EONOR;;OPE;Absence;Identification;Commande(s);;;Absence d'identification du voyant sous tension et des organes de commande.;A identifier clairement et durablement.;1;MAINT;2;03/09/2021 00:00;18/06/21 00:00;10;0.1;IJDU
Rouleuse BOMBLED;Rouleuse;BOMBLED;;OPE;Absence;Identification;Commande(s);;;Absence d'identification du voyant sous tension et des organes de commande.;A identifier clairement et durablement.;1;MAINT;2;03/09/2021 00:00;18/06/21 00:00;10;0.1;IJDU
Rectifieuse plane PARKER MAJESTIC Num 93;Rectifieuse plane;PARKER MAJESTIC;Num 93;OPE;Absence;Identification;Sens;;;Absence d'indication du sens de rotation de la meule.;A réaliser.;1;MAINT;2;03/09/2021 00:00;18/06/21 00:00;30;0.25;IJDU
Rectifieuse plane PANHARD;Rectifieuse plane;PANHARD;;OPE;Absence;Identification;Sens;;;Absence d'indication du sens de rotation de la meule.;A réaliser.;1;MAINT;2;03/09/2021 00:00;18/06/21 00:00;30;0.25;IJDU
Rectifieuse cylindrique CAENAHO;Rectifieuse cylindrique;CAENAHO;;OPE;Absence;Identification;Sens;;;Absence d'indication du sens de rotation de la meule.;A réaliser.;1;MAINT;2;09/04/2021 00:00;18/06/21 00:00;30;0.25;IJDU
Perceuse à colonne SYDERIC Num 06I279;Perceuse à colonne;SYDERIC;Num 06I279;OPE;Absence;Identification;Réglage(s);;;Absence d'indication permettant le choix et le réglage des vitesses en fonction du diamètre des outils et des matériaux travaillés.;A afficher sur l'équipement.;1;MAINT;2;16/04/2021 00:00;25/06/21 00:00;20;0.25;IJDU
Perceuse à colonne CINCINNATI Num 13428;Perceuse à colonne;CINCINNATI;Num 13428;OPE;Absence;Identification;Réglage(s);;;Absence d'indication permettant le choix et le réglage des vitesses en fonction du diamètre des outils et des matériaux travaillés.;A afficher sur l'équipement.;1;MAINT;2;16/04/2021 00:00;25/06/21 00:00;20;0.25;IJDU
Tour parralèle H.ERNAULT.SOMUA Num 9159;Tour parallèle;H.ERNAULT.SOMUA;Num 9159;OPE;Absence;Identification;Réglage(s);;;Absence d'indication permettant le choix et le réglage des vitesses en fonction du diamètre des outils et des matériaux travaillés.;A afficher sur l'équipement.;1;MAINT;2;16/04/2021 00:00;25/06/21 00:00;20;0.25;IJDU
Perceuse radiale GSP;Perçeuse radiale;GSP;;OPE;Absence;Identification;Réglage(s);;;Absence d'indication permettant le choix et le réglage des vitesses en fonction du diamètre des outils et des matériaux travaillés.;A afficher sur l'équipement.;1;MAINT;2;16/04/2021 00:00;25/06/21 00:00;20;0.25;IJDU
Tour parralèle transformé en rectifieuse cylindrique;Rectifieuse cylindrique;CROWN;;ELEC;Absence;Identification;Commande(s);;;Absence d'identification de l'ensemble des organes de commande.;A identifier de façon claire et durable.;1;MAINT;2;23/04/2021 00:00;02/07/21 00:00;50;0.5;IJDU
Tour parralèle H.ERNAULT.SOMUA Num 11531;Tour parallèle;H.ERNAULT.SOMUA;Num 11531;ELEC;Absence;Identification;Commande(s);;;Absence d'identification de la commande de lubrification et du sélecteur à clé.;A identifier de façon claire et durable.;1;MAINT;2;23/04/2021 00:00;02/07/21 00:00;50;0.5;IJDU
Fraiseuse G.DUFOUR;Fraiseuse;G.DUFOUR;;ELEC;Absence;Identification;Commande(s);;;Absence d'identification de nombreuse commandes (Leviers et boutons).;A identifier de façon claire et durable.;1;MAINT;2;23/04/2021 00:00;02/07/21 00:00;50;0.5;IJDU
Fraiseuse G.DUFOUR Num C0-01-451;Fraiseuse;G.DUFOUR;Num C0-01-451;ELEC;Absence;Identification;Commande(s);;;Absence d'identification de nombreuse commandes (Leviers et boutons).;A identifier de façon claire et durable.;1;MAINT;2;23/04/2021 00:00;02/07/21 00:00;50;0.5;IJDU
Tour parralèle CAZENEUVE;Tour parallèle;CAZENEUVE;;OPE;Absence;Identification;Commande(s);;;Absence d'identification de nombreuse commandes (Lubrification, leviers.).;A identifier de façon claire et durable.;1;MAINT;2;23/04/2021 00:00;02/07/21 00:00;50;0.5;IJDU
Perceuse radiale GSP;Perçeuse radiale;GSP;;ELEC;Absence;Identification;Commande(s);;;Absence d'identification de nombreuse commandes.;A identifier de façon claire et durable.;1;MAINT;2;23/04/2021 00:00;02/07/21 00:00;50;0.5;IJDU
Tour parralèle H.ERNAULT.SOMUA Num 9159;Tour parallèle;H.ERNAULT.SOMUA;Num 9159;OPE;Absence;Identification;Commande(s);;;Absence d'identification de nombreuses commandes (Leviers et boutons).;A identifier de façon claire et durable.;1;MAINT;2;23/04/2021 00:00;02/07/21 00:00;50;0.5;IJDU
Presse hydraulique FOG;Presse hydraulique;FOG;;ELEC;Absence;Identification;Commande(s);;;Absence d'identification des commandes.;A identifier de façon claire et durable.;1;MAINT;2;23/04/2021 00:00;02/07/21 00:00;50;0.5;
Rectifieuse plane PARKER MAJESTIC Num 93;Rectifieuse plane;PARKER MAJESTIC;Num 93;OPE;Absence;Identification;Zone évolution;;;Absence de balisage de la zone évolution de la table.;Baliser la zone évolution de la table de façon à garantir un espace minimale de 500 mm par rapport à tout élément fixe et la table.;1;MAINT;2;30/04/2021 00:00;09/07/21 00:00;200;1;FTA
Rectifieuse plane PANHARD;Rectifieuse plane;PANHARD;;OPE;Absence;Identification;Zone évolution;;;Absence de balisage de la zone évolution de la table.;Baliser la zone évolution de la table de façon à garantir un espace minimale de 500 mm par rapport à tout élément fixe et la table.;1;MAINT;2;30/04/2021 00:00;09/07/21 00:00;200;1;FTA
Rectifieuse cylindrique CAENAHO;Rectifieuse cylindrique;CAENAHO;;OPE;Absence;Identification;Zone évolution;;;Absence de balisage de la zone évolution de la table.;Baliser la zone évolution de la table de façon à garantir un espace minimale de 500 mm par rapport à tout élément fixe et la table.;1;MAINT;2;30/04/2021 00:00;09/07/21 00:00;200;1;FTA
Mandrin motorisé CROWN;Mandrin motorisé;CROWN;;MAINT;Absence;Déclaration Conformité;;;;Absence de déclaration de conformité.;A rédiger.;1;MAINT;3;18/06/2021 00:00;27/08/21 00:00;50;2;AAR
Scie à ruban MAAC;Scie à ruban;MAAC;;MAINT;Absence;Déclaration Conformité;;;;Absence de déclaration de conformité.;A réclamer auprès du fabricant.;1;MAINT;3;18/06/2021 00:00;27/08/21 00:00;0;1;AAR
Perceuse à colonne CINCINNATI Num 5536;Perceuse à colonne;CINCINNATI;Num 5536;MECA;Absence;Fixation;;;;Absence de fixations au sol de l'équipement.;A réaliser.;1;MAINT;2;03/09/2021 00:00;18/06/21 00:00;50;2;FTA
Mandrin motorisé CROWN;Mandrin motorisé;CROWN;;MAINT;Absence;Notice d'instructions;;;;Absence de notice d'instructions.;A rédiger.;1;MAINT;3;03/12/2021 00:00;27/08/21 00:00;0;2;IJDU
Scie à ruban MAAC;Scie à ruban;MAAC;;MAINT;Absence;Notice d'instructions;;;;Absence de notice d'instructions.;A réclamer auprès du fabricant.;1;MAINT;3;03/12/2021 00:00;27/08/21 00:00;0;1;AAR
Mandrin motorisé CROWN;Mandrin motorisé;CROWN;;MAINT;Absence;Déclaration Conformité;;;;Absence de plaque constructeur avec le marquage CE.;A apposer sur l'équipement.;1;MAINT;3;03/12/2021 00:00;27/08/21 00:00;100;1;AAR
Rectifieuse plane PANHARD;Rectifieuse plane;PANHARD;;MECA;Absence;Protection;;;;Absence de protection contre les manoeuvres involontaires au niveau des boutons de commande.;"Mettre en place des capots de protection ou remplacer ces boutons par des boutons de type ""affleurant"".";1;MAINT;1;04/06/2021 00:00;25/06/21 00:00;200;2;FTA
Rectifieuse cylindrique CAENAHO;Rectifieuse cylindrique;CAENAHO;;MECA;Absence;Protection;;;;Absence de protection contre les manoeuvres involontaires au niveau des leviers de commande (Mouvements table et avance/recul meule).;Mettre en place des capots de protection ou remplacer ces leviers par des leviers indexés.;1;MAINT;1;04/06/2021 00:00;02/07/21 00:00;200;2;FTA
Fraiseuse G.DUFOUR;Fraiseuse;G.DUFOUR;;MECA;Absence;Protection;;;;Absence de protection contre les manoeuvres involontaires des leviers d'avance automatique.;Mettre en place des capotages sur ces leviers ou les remplacer par des leviers indexés.;1;MAINT;1;04/06/2021 00:00;09/07/21 00:00;200;2;FTA
Fraiseuse G.DUFOUR Num C0-01-451;Fraiseuse;G.DUFOUR;Num C0-01-451;MECA;Absence;Protection;;;;Absence de protection contre les manoeuvres involontaires des leviers d'avance automatique.;Mettre en place des capotages sur ces leviers ou les remplacer par des leviers indexés.;1;MAINT;1;04/06/2021 00:00;16/07/21 00:00;200;2;FTA
Presse hydraulique FOG;Presse hydraulique;FOG;;MECA;Absence;Protection;;;;Absence de protection contre les manoeuvres involontaires du levier de commande.;Mettre en place un capotage sur ce levier ou le remplacer par un levier indexé.;1;MAINT;1;04/06/2021 00:00;23/07/21 00:00;200;2;FTA
Tour parralèle CAZENEUVE;Tour parallèle;CAZENEUVE;;MECA;Absence;Protection;;;;Absence de protection contre les manoeuvres involontaires du levier de mise en rotation du mandrin et du levier d'avance automatique.;Mettre en place des capotages sur ces leviers ou les remplacer par des leviers indexés.;1;MAINT;1;04/06/2021 00:00;30/07/21 00:00;200;2;FTA
Tour parralèle H.ERNAULT.SOMUA Num 11531;Tour parallèle;H.ERNAULT.SOMUA;Num 11531;MECA;Absence;Protection;;;;Absence de protection contre les manoeuvres involontaires du levier de mise en rotation du mandrin et du levier d'avance automatique.;Mettre en place des capotages sur ces leviers ou les remplacer par des leviers indexés.;1;MAINT;1;04/06/2021 00:00;06/08/21 00:00;200;2;FTA
Tour parralèle H.ERNAULT.SOMUA Num 9159;Tour parallèle;H.ERNAULT.SOMUA;Num 9159;MECA;Absence;Protection;;;;Absence de protection contre les manoeuvres involontaires du levier de mise en rotation du mandrin et du levier d'avance automatique.;Mettre en place des capotages sur ces leviers ou les remplacer par des leviers indexés.;1;MAINT;1;04/06/2021 00:00;13/08/21 00:00;200;2;FTA
Tour parralèle transformé en rectifieuse cylindrique;Rectifieuse cylindrique;CROWN;;ELEC;Absence;Identification;cablage et appareillage;;;Absence d'identification de l'ensemble de l'appareillage électrique présent dans l'armoire.;A identifier clairement et durablement en adéquation avec le futur schéma électrique.;1;MAINT;2;03/09/2021 00:00;20/08/21 00:00;200;2;FTA
Rectifieuse plane PANHARD;Rectifieuse plane;PANHARD;;ELEC;Absence;Schéma;;;;Absence de schéma électrique.;A réaliser.;1;MAINT;3;03/12/2021 00:00;25/06/21 00:00;0;8;AGU
Touret à meuler CONSTAN Num L.51641;Touret à meuler;CONSTAN;Num L.51641;ELEC;Absence;Schéma;;;;Absence de schéma électrique.;A réaliser.;1;MAINT;3;03/12/2021 00:00;02/07/21 00:00;0;8;AGU
Perceuse à colonne CINCINNATI Num 7020;Perceuse à colonne;CINCINNATI;Num 7020;ELEC;Absence;Schéma;;;;Absence de schéma électrique.;A réaliser.;1;MAINT;3;03/12/2021 00:00;09/07/21 00:00;0;8;AGU
Perceuse à colonne SYDERIC Num 06I279;Perceuse à colonne;SYDERIC;Num 06I279;ELEC;Absence;Schéma;;;;Absence de schéma électrique.;A réaliser.;1;MAINT;3;03/12/2021 00:00;16/07/21 00:00;0;8;AGU
Touret à meuler CONSTAN Num 50366;Touret à meuler;CONSTAN;Num 50366;ELEC;Absence;Schéma;;;;Absence de schéma électrique.;A réaliser.;1;MAINT;3;03/12/2021 00:00;23/07/21 00:00;0;8;AGU
Touret à meuler CONSTAN Num 14972;Touret à meuler;CONSTAN;Num 14972;ELEC;Absence;Schéma;;;;Absence de schéma électrique.;A réaliser.;1;MAINT;3;03/12/2021 00:00;30/07/21 00:00;0;8;AGU
Touret à meuler (Local rectifieuses);Touret à meuler;;(Local rectifieuses);ELEC;Absence;Schéma;;;;Absence de schéma électrique.;A réaliser.;1;MAINT;3;03/12/2021 00:00;06/08/21 00:00;0;8;AGU
Touret à meuler CONSTAN Num 947248;Touret à meuler;CONSTAN;Num 947248;ELEC;Absence;Schéma;;;;Absence de schéma électrique.;A réaliser.;1;MAINT;3;03/12/2021 00:00;13/08/21 00:00;0;8;AGU
Perceuse à colonne CINCINNATI Num 13428;Perceuse à colonne;CINCINNATI;Num 13428;ELEC;Absence;Schéma;;;;Absence de schéma électrique.;A réaliser.;1;MAINT;3;03/12/2021 00:00;20/08/21 00:00;0;8;AGU
Perceuse à colonne ADAM (Local serrurerie);Perceuse à colonne;ADAM;(Local serrurerie);ELEC;Absence;Schéma;;;;Absence de schéma électrique.;A réaliser.;1;MAINT;3;03/12/2021 00:00;27/08/21 00:00;0;8;AGU
Perceuse à colonne CINCINNATI Num 22118P450;Perceuse à colonne;CINCINNATI;Num 22118P450;ELEC;Absence;Schéma;;;;Absence de schéma électrique.;A réaliser.;1;MAINT;3;03/12/2021 00:00;03/09/21 00:00;0;8;AGU
Perceuse à colonne STOKVIS Num 1661;Perceuse à colonne;STOKVIS;Num 1661;ELEC;Absence;Schéma;;;;Absence de schéma électrique.;A réaliser.;1;MAINT;3;03/12/2021 00:00;10/09/21 00:00;0;8;AGU
Perceuse à colonne CINCINNATI Num 5536;Perceuse à colonne;CINCINNATI;Num 5536;ELEC;Absence;Schéma;;;;Absence de schéma électrique.;A réaliser.;1;MAINT;3;03/12/2021 00:00;17/09/21 00:00;0;8;AGU
Tour parralèle H.ERNAULT.SOMUA Num 9159;Tour parallèle;H.ERNAULT.SOMUA;Num 9159;ELEC;Absence;Schéma;;;;Absence de schéma électrique.;A réaliser.;1;MAINT;3;03/12/2021 00:00;24/09/21 00:00;0;8;AGU
Fraiseuse G.DUFOUR;Fraiseuse;G.DUFOUR;;ELEC;Absence;Schéma;;;;Absence de schéma électrique.;A réaliser.;1;MAINT;3;03/12/2021 00:00;01/10/21 00:00;0;8;AGU
Presse hydraulique FOG;Presse hydraulique;FOG;;ELEC;Absence;Schéma;;;;Absence de schéma électrique.;A réaliser.;1;MAINT;3;03/12/2021 00:00;08/10/21 00:00;0;8;AGU
Perceuse radiale GSP;Perçeuse radiale;GSP;;ELEC;Absence;Schéma;;;;Absence de schéma électrique.;A réaliser.;1;MAINT;3;03/12/2021 00:00;15/10/21 00:00;0;8;AGU
Rectifieuse plane PARKER MAJESTIC Num 93;Rectifieuse plane;PARKER MAJESTIC;Num 93;ELEC;Absence;Schéma;;;;Absence de schéma électrique.;A réaliser.;1;MAINT;3;03/12/2021 00:00;22/10/21 00:00;0;8;AGU
Rectifieuse cylindrique CAENAHO;Rectifieuse cylindrique;CAENAHO;;ELEC;Absence;Schéma;;;;Absence de schéma électrique.;A réaliser.;1;MAINT;3;03/12/2021 00:00;29/10/21 00:00;0;8;AGU
Polisseuse (Local serrurerie);Polisseuse;CROWN;;ELEC;Absence;Schéma;;;;Absence de schéma électrique.;A réaliser.;1;MAINT;3;03/12/2021 00:00;05/11/21 00:00;0;8;AGU
Cintreuse EONOR;Cintreuse;EONOR;;ELEC;Absence;Schéma;;;;Absence de schéma électrique.;A réaliser.;1;MAINT;3;03/12/2021 00:00;12/11/21 00:00;0;8;AGU
Rouleuse BOMBLED;Rouleuse;BOMBLED;;ELEC;Absence;Schéma;;;;Absence de schéma électrique.;A réaliser.;1;MAINT;3;03/12/2021 00:00;19/11/21 00:00;0;8;AGU
Scie verticale PEHAKA;Scie verticale;PEHAKA;;ELEC;Absence;Schéma;;;;Absence de schéma électrique.;A réaliser.;1;MAINT;3;03/12/2021 00:00;26/11/21 00:00;0;8;AGU
Tour parralèle transformé en rectifieuse cylindrique;Rectifieuse cylindrique;CROWN;;ELEC;Absence;Schéma;;;;Absence de schéma électrique.;A réaliser.;1;MAINT;3;03/12/2021 00:00;03/12/21 00:00;0;8;AGU
Presse hydraulique FOG;Presse hydraulique;FOG;;ELEC;Absence;Schéma;;;;Absence de schéma hydraulique.;A réaliser.;1;MAINT;3;03/12/2021 00:00;25/06/21 00:00;0;8;FTA
Rectifieuse plane PARKER MAJESTIC Num 93;Rectifieuse plane;PARKER MAJESTIC;Num 93;HYDRO;Absence;Schéma;;;;Absence de schéma hydraulique.;A réaliser.;1;MAINT;3;03/12/2021 00:00;02/07/21 00:00;0;8;FTA
Scie à ruban MAAC;Scie à ruban;MAAC;;HYDRO;Absence;Identification;Réglage(s);;;Absence de tableau pour le choix de la vitesse d'avance de la lame en fonction du diamètre de la pièce à couper.;A afficher clairement et durablement sur l'équipement.;1;MAINT;2;03/09/2021 00:00;;;;
Mandrin motorisé CROWN;Mandrin motorisé;CROWN;;MAINT;Divers;;;;;Au vu des observations formulées dans le présent rapport, ce point ne peut pas être déclaré conforme.;Nous vous invitons à lever l'ensemble des observations du présent rapport.;1;MAINT;3;03/12/2021 00:00;;;;
Scie à ruban MAAC;Scie à ruban;MAAC;;MAINT;Divers;;;;;Au vu des observations formulées dans le présent rapport, ce point ne peut pas être déclaré conforme.;Nous vous invitons à lever l'ensemble des observations du présent rapport.;1;MAINT;3;03/12/2021 00:00;;;;
Perceuse à colonne CINCINNATI Num 13428;Perceuse à colonne;CINCINNATI;Num 13428;ELEC;Absence;Identification;cablage et appareillage;;;Certains conducteurs actifs ne sont pas identifiés par la bonne couleur.;"Nous vous rappelons que la couleur ""vert / jaune"" est réservée aux conducteurs de protection.";1;MAINT;2;03/09/2021 00:00;;;;
Cintreuse EONOR;Cintreuse;EONOR;;ELEC;Absence;Identification;cablage et appareillage;;;Certains conducteurs de protection ne sont pas identifiés par la bonne couleur.;"Nous vous rappelons que les conducteurs de protection doivent être identifiés par les couleurs ""vert / jaune"".";1;MAINT;2;03/09/2021 00:00;;;;
Tour parralèle CAZENEUVE;Tour parallèle;CAZENEUVE;;ELEC;Avertissement;;;;;Des avertissements dans l'armoire électrique sont réalisés en allemand.;A traduire en français.;1;MAINT;2;03/09/2021 00:00;;;;
Tour parralèle H.ERNAULT.SOMUA Num 11531;Tour parallèle;H.ERNAULT.SOMUA;Num 11531;ELEC;Avertissement;;;;;Des avertissements dans l'armoire électrique sont réalisés en allemand.;A traduire en français.;1;MAINT;2;03/09/2021 00:00;;;;
Tour parralèle CAZENEUVE;Tour parallèle;CAZENEUVE;;MAINT;Absence;Note de Calcul;;;;En l'absence de note de calcul suite aux modifications effectuées en 2012, nous ne pouvons pas nous prononcer sur la fiabilité du circuit de commande au sens de la norme NF EN ISO 13849-1.;;1;MAINT;3;03/12/2021 00:00;;;;
Tour parralèle H.ERNAULT.SOMUA Num 11531;Tour parallèle;H.ERNAULT.SOMUA;Num 11531;MAINT;Absence;Note de Calcul;;;;En l'absence de note de calcul suite aux modifications effectuées en 2012, nous ne pouvons pas nous prononcer sur la fiabilité du circuit de commande au sens de la norme NF EN ISO 13849-1.;;1;MAINT;3;03/12/2021 00:00;;;;
Fraiseuse G.DUFOUR;Fraiseuse;G.DUFOUR;;ELEC;Absence;Schéma;;;;En l'absence de note de schéma électrique, nous ne pouvons pas nous prononcer sur la fiabilité du circuit de commande au sens de la norme NF EN ISO 954-1.;;1;MAINT;3;03/12/2021 00:00;;;;
Scie à ruban MAAC;Scie à ruban;MAAC;;ELEC;Absence;Schéma;;;;En l'absence de schéma électrique, nous ne pouvons pas nous prononcer sur la fiabilité du circuit de commande au sens de la norme NF EN 954-1.;;1;MAINT;3;03/12/2021 00:00;;;;
Tour parralèle H.ERNAULT.SOMUA Num 9159;Tour parallèle;H.ERNAULT.SOMUA;Num 9159;ELEC;Absence;Schéma;;;;En l'absence de schéma électrique, nous ne pouvons pas nous prononcer sur la fiabilité du circuit de commande au sens de la norme NF EN ISO 954-1.;;1;MAINT;3;03/12/2021 00:00;;;;
Perceuse radiale GSP;Perçeuse radiale;GSP;;ELEC;Absence;Schéma;;;;En l'absence de schéma électrique, nous ne pouvons pas nous prononcer sur la fiabilité du circuit de commande au sens de la norme NF EN ISO 954-1.;;1;MAINT;3;03/12/2021 00:00;;;;
Rectifieuse cylindrique CAENAHO;Rectifieuse cylindrique;CAENAHO;;ELEC;Absence;Schéma;;;;En l'absence de schémas électrique et hydraulique, nous ne pouvons pas nous prononcer sur la fiabilité du circuit de commande au sens de la norme NF EN ISO 954-1.;;1;;3;03/12/2021 00:00;;;;
Rectifieuse plane PARKER MAJESTIC Num 93;Rectifieuse plane;PARKER MAJESTIC;Num 93;MECA;Défaut;;;;;L'armoire électrique ne ferme plus à clé.;Remettre en état de fonctionnement le dispositif de fermeture à clé.;1;MAINT;2;03/09/2021 00:00;;;;
Rectifieuse cylindrique CAENAHO;Rectifieuse cylindrique;CAENAHO;;ELEC;Défaut;Protection;;;;L'indice de protection du boitier électrique n'est pas respecté.;Obturer les trous présents dans celle-ci et revoir son dispositif de fermeture.;1;MAINT;1;04/06/2021 00:00;30/07/21 00:00;300;2;IJDU
Touret à meuler (Local rectifieuses);Touret à meuler;;(Local rectifieuses);ELEC;Défaut;Protection;;;;L'indice de protection du boitier électrique n'est pas respecté.;Reprendre le passage du câble électrique du sélecteur à clé au niveau du presse étoupe.;1;MAINT;1;04/06/2021 00:00;06/08/21 00:00;300;1;IJDU
Perceuse à colonne CINCINNATI Num 13428;Perceuse à colonne;CINCINNATI;Num 13428;ELEC;Défaut;Protection;;;;L'indice de protection du boitier électrique n'est pas respecté.;Reprendre le passage du câble d'alimentation au niveau du presse étoupe.;1;MAINT;1;04/06/2021 00:00;13/08/21 00:00;300;1;IJDU
Perceuse à colonne CINCINNATI Num 22118P450;Perceuse à colonne;CINCINNATI;Num 22118P450;ELEC;Absence;Identification;cablage et appareillage;;;La portion de circuit électrique restant sous tension (entre les bornes de raccordement et l'interrupteur) lorsque l'interrupteur est ouvert n'est pas identifiée.;A identifier en utilisant, par exemple, des fils de couleur orange.;1;MAINT;2;03/09/2021 00:00;20/08/21 00:00;300;1;IJDU
Perceuse à colonne STOKVIS Num 1661;Perceuse à colonne;STOKVIS;Num 1661;ELEC;Absence;Identification;cablage et appareillage;;;La portion de circuit électrique restant sous tension (entre les bornes de raccordement et l'interrupteur) lorsque l'interrupteur est ouvert n'est pas identifiée.;A identifier en utilisant, par exemple, des fils de couleur orange.;1;MAINT;2;03/09/2021 00:00;27/08/21 00:00;300;1;IJDU
Perceuse à colonne CINCINNATI Num 5536;Perceuse à colonne;CINCINNATI;Num 5536;ELEC;Absence;Identification;cablage et appareillage;;;La portion de circuit électrique restant sous tension (entre les bornes de raccordement et l'interrupteur) lorsque l'interrupteur est ouvert n'est pas identifiée.;A identifier en utilisant, par exemple, des fils de couleur orange.;1;MAINT;2;03/09/2021 00:00;03/09/21 00:00;300;1;IJDU
Rectifieuse plane PANHARD;Rectifieuse plane;PANHARD;;ELEC;Absence;Identification;cablage et appareillage;;;La portion de circuit électrique restant sous tension (entre les bornes de raccordement et l'interrupteur) lorsque l'interrupteur est ouvert n'est pas identifiée.;A identifier en utilisant, par exemple, des fils de couleur orange.;1;MAINT;2;03/09/2021 00:00;10/09/21 00:00;300;1;IJDU
Scie verticale PEHAKA;Scie verticale;PEHAKA;;ELEC;Absence;Identification;cablage et appareillage;;;La portion de circuit électrique restant sous tension (entre les bornes de raccordement et l'interrupteur) lorsque l'interrupteur est ouvert n'est pas identifiée.;A identifier en utilisant, par exemple, des fils de couleur orange.;1;MAINT;2;03/09/2021 00:00;17/09/21 00:00;300;1;IJDU
Rouleuse BOMBLED;Rouleuse;BOMBLED;;ELEC;Défaut;Protection;;;;La protection mécanique des câbles au sol n'est pas adaptée aux influences externes.;Remplacer ces câbles par un modèle adapté ou les passer dans une gaine de protection mécanique.;1;MAINT;2;03/09/2021 00:00;;;;
Polisseuse (Local serrurerie);Polisseuse;CROWN;;ELEC;Défaut;Protection;;;;La protection mécanique du câble de commande de la pédale d'arrêt n'est pas adaptée aux influences externes.;Remplacer ce câble par un modèle adapté ou le passer dans une gaine de protection mécanique.;1;MAINT;2;03/09/2021 00:00;;;;
Touret à meuler (Local rectifieuses);Touret à meuler;;(Local rectifieuses);ELEC;Défaut;;;;;Le boitier électrique est dégradé. (Maintien avec du scotch);Le remplacer.;1;MAINT;1;04/06/2021 00:00;;;;
Perceuse à colonne CINCINNATI Num 5536;Perceuse à colonne;CINCINNATI;Num 5536;ELEC;Défaut;;;;;Le bouton d'arrêt en face avant est cassé.;Le remplacer.;1;MAINT;2;03/09/2021 00:00;;;;
Perceuse à colonne STOKVIS Num 1661;Perceuse à colonne;STOKVIS;Num 1661;ELEC;Défaut;Fixation;;;;Le contacteur moteur et sa protection thermique ne sont pas fixés dans l'armoire électrique.;A fixer dans l'armoire suivant les règles de l'art.;1;MAINT;2;03/09/2021 00:00;;;;
Tour parralèle H.ERNAULT.SOMUA Num 9159;Tour parallèle;H.ERNAULT.SOMUA;Num 9159;ELEC;Défaut;;;;;Le dispositif d'arrêt d'urgence ne freine pas le mandrin.;Assurer le freinage du mandrin lors de la sollicitation de l'arrêt d'urgence par le biais du coup de poing.;1;MAINT;1;04/06/2021 00:00;;;;
Mandrin motorisé CROWN;Mandrin motorisé;CROWN;;ELEC;Défaut;;;;;Le dispositif d'arrêt d'urgence ne freine pas le mandrin.;Assurer le freinage du mandrin lors de la sollicitation de l'arrêt d'urgence par le biais du coup de poing.;1;MAINT;1;04/06/2021 00:00;;;;
Tour parralèle transformé en rectifieuse cylindrique;Rectifieuse cylindrique;CROWN;;ELEC;Défaut;;;;;Le dispositif d'arrêt d'urgence ne freine pas le mandrin.;Assurer le freinage du mandrin lors de la sollicitation de l'arrêt d'urgence par le biais du coup de poing.;1;MAINT;1;04/06/2021 00:00;;;;
Tour parralèle CAZENEUVE;Tour parallèle;CAZENEUVE;;ELEC;Défaut;Protection;;;;Le primaire de l'alimentation n'est pas raccordé au circuit de protection.;A réaliser.;1;MAINT;2;03/09/2021 00:00;;;;
Tour parralèle H.ERNAULT.SOMUA Num 11531;Tour parallèle;H.ERNAULT.SOMUA;Num 11531;ELEC;Défaut;Protection;;;;Le primaire de l'alimentation n'est pas raccordé au circuit de protection.;A réaliser.;1;MAINT;2;03/09/2021 00:00;;;;
Perceuse à colonne STOKVIS Num 1661;Perceuse à colonne;STOKVIS;Num 1661;MECA;Défaut;Protection;;;;Le protecteur mobile des courroies de transmission n'est pas solidaire de la machine.;Installer, par exemple, des charnières sur celui-ci.;1;MAINT;1;04/06/2021 00:00;;;;
Perceuse à colonne STOKVIS Num 1661;Perceuse à colonne;STOKVIS;Num 1661;MECA;Défaut;Protection;;;;Le protecteur mobile en face avant est inopérant.;A remettre en état de fonctionnement.;1;MAINT;1;04/06/2021 00:00;;;;
Tour parralèle H.ERNAULT.SOMUA Num 11531;Tour parallèle;H.ERNAULT.SOMUA;Num 11531;ELEC;Absence;Schéma;;;;Le schéma électrique n'est pas à jour (Calibre fusibles FS, F24V...).;A mettre à jour.;1;MAINT;3;03/12/2021 00:00;;;;
Tour parralèle CAZENEUVE;Tour parallèle;CAZENEUVE;;ELEC;Absence;Schéma;;;;Le schéma électrique n'est pas à jour (Calibre fusibles FS..).;A mettre à jour.;1;MAINT;3;03/12/2021 00:00;;;;
Touret à meuler CONSTAN Num 14972;Touret à meuler;CONSTAN;Num 14972;ELEC;Absence;Protection;Manoeuvre involontaire;;;Le sélecteur deux positions de la commande marche / arrêt n'est pas protégé contre les manoeuvres involontaires.;Remplacer cet organe de commande par des boutons de type affleurant;1;MAINT;2;03/09/2021 00:00;17/09/21 00:00;100;1;IJDU
Touret à meuler CONSTAN Num 14972;Touret à meuler;CONSTAN;Num 14972;ELEC;Absence;Protection;Manoeuvre involontaire;;;Le sélecteur deux positions de la commande marche / arrêt n'est pas protégé contre les manoeuvres involontaires.;"Remplacer cet organe de commande par des boutons de type ""affleurant"".";1;MAINT;2;03/09/2021 00:00;17/09/21 00:00;100;1;IJDU
Touret à meuler CONSTAN Num 947248;Touret à meuler;CONSTAN;Num 947248;ELEC;Absence;Protection;Manoeuvre involontaire;;;Le sélecteur deux positions de la commande marche / arrêt n'est pas protégé contre les manoeuvres involontaires.;Remplacer ce sélecteur par des boutons de type affleurant ou supprimer cette commande qui ne présente aucun intérêt compte tenu de la présence des boutons de commande du boitier électrique a proximité de l'opérateur.;1;MAINT;2;03/09/2021 00:00;17/09/21 00:00;100;1;IJDU
Touret à meuler CONSTAN Num L.51641;Touret à meuler;CONSTAN;Num L.51641;ELEC;Absence;Identification;cablage et appareillage;;;Les appareillages électriques ne sont pas identifiés.;A identifier clairement et durablement en adéquation avec le futur schéma électrique;1;MAINT;2;03/09/2021 00:00;;;;
Perceuse à colonne CINCINNATI Num 7020;Perceuse à colonne;CINCINNATI;Num 7020;ELEC;Absence;Identification;cablage et appareillage;;;Les appareillages électriques ne sont pas identifiés.;A identifier clairement et durablement en adéquation avec le futur schéma électrique.;1;MAINT;2;03/09/2021 00:00;;;;
Perceuse à colonne SYDERIC Num 06I279;Perceuse à colonne;SYDERIC;Num 06I279;ELEC;Absence;Identification;cablage et appareillage;;;Les appareillages électriques ne sont pas identifiés.;A identifier clairement et durablement en adéquation avec le futur schéma électrique.;1;MAINT;2;03/09/2021 00:00;;;;
Touret à meuler CONSTAN Num 50366;Touret à meuler;CONSTAN;Num 50366;ELEC;Absence;Identification;cablage et appareillage;;;Les appareillages électriques ne sont pas identifiés.;A identifier clairement et durablement en adéquation avec le futur schéma électrique;1;MAINT;2;03/09/2021 00:00;;;;
Touret à meuler CONSTAN Num 14972;Touret à meuler;CONSTAN;Num 14972;ELEC;Absence;Identification;cablage et appareillage;;;Les appareillages électriques ne sont pas identifiés.;A identifier clairement et durablement en adéquation avec le futur schéma électrique;1;MAINT;2;03/09/2021 00:00;;;;
Touret à meuler (Local rectifieuses);Touret à meuler;;(Local rectifieuses);ELEC;Absence;Identification;cablage et appareillage;;;Les appareillages électriques ne sont pas identifiés.;A identifier clairement et durablement en adéquation avec le futur schéma électrique;1;MAINT;2;03/09/2021 00:00;;;;
Touret à meuler CONSTAN Num 947248;Touret à meuler;CONSTAN;Num 947248;ELEC;Absence;Identification;cablage et appareillage;;;Les appareillages électriques ne sont pas identifiés.;A identifier clairement et durablement en adéquation avec le futur schéma électrique;1;MAINT;2;03/09/2021 00:00;;;;
Perceuse à colonne CINCINNATI Num 13428;Perceuse à colonne;CINCINNATI;Num 13428;ELEC;Absence;Identification;cablage et appareillage;;;Les appareillages électriques ne sont pas identifiés.;A identifier clairement et durablement en adéquation avec le futur schéma électrique.;1;MAINT;2;03/09/2021 00:00;;;;
Perceuse à colonne ADAM (Local serrurerie);Perceuse à colonne;ADAM;(Local serrurerie);ELEC;Absence;Identification;cablage et appareillage;;;Les appareillages électriques ne sont pas identifiés.;A identifier clairement et durablement en adéquation avec le futur schéma électrique.;1;MAINT;2;03/09/2021 00:00;;;;
Perceuse à colonne CINCINNATI Num 22118P450;Perceuse à colonne;CINCINNATI;Num 22118P450;ELEC;Absence;Identification;cablage et appareillage;;;Les appareillages électriques ne sont pas identifiés.;A identifier clairement et durablement en adéquation avec le futur schéma électrique.;1;MAINT;2;03/09/2021 00:00;;;;
Perceuse à colonne STOKVIS Num 1661;Perceuse à colonne;STOKVIS;Num 1661;ELEC;Absence;Identification;cablage et appareillage;;;Les appareillages électriques ne sont pas identifiés.;A identifier clairement et durablement en adéquation avec le futur schéma électrique.;1;MAINT;2;03/09/2021 00:00;;;;
Perceuse à colonne CINCINNATI Num 5536;Perceuse à colonne;CINCINNATI;Num 5536;ELEC;Absence;Identification;cablage et appareillage;;;Les appareillages électriques ne sont pas identifiés.;A identifier clairement et durablement en adéquation avec le futur schéma électrique.;1;MAINT;2;03/09/2021 00:00;;;;
Rectifieuse plane PARKER MAJESTIC Num 93;Rectifieuse plane;PARKER MAJESTIC;Num 93;ELEC;Absence;Identification;cablage et appareillage;;;Les appareillages électriques ne sont pas identifiés.;A identifier clairement et durablement en adéquation avec le futur schéma électrique.;1;MAINT;2;03/09/2021 00:00;;;;
Rectifieuse plane PANHARD;Rectifieuse plane;PANHARD;;ELEC;Absence;Identification;cablage et appareillage;;;Les appareillages électriques ne sont pas identifiés.;A identifier clairement et durablement en adéquation avec le futur schéma électrique.;1;MAINT;2;04/06/2021 00:00;;;;
Rectifieuse cylindrique CAENAHO;Rectifieuse cylindrique;CAENAHO;;ELEC;Absence;Identification;cablage et appareillage;;;Les appareillages électriques ne sont pas identifiés.;A identifier clairement et durablement en adéquation avec le futur schéma électrique.;1;MAINT;2;03/09/2021 00:00;;;;
Polisseuse (Local serrurerie);Polisseuse;CROWN;;ELEC;Absence;Identification;cablage et appareillage;;;Les appareillages électriques ne sont pas identifiés.;A identifier clairement et durablement en adéquation avec le futur schéma électrique;1;MAINT;2;03/09/2021 00:00;;;;
Cintreuse EONOR;Cintreuse;EONOR;;ELEC;Absence;Identification;cablage et appareillage;;;Les appareillages électriques ne sont pas identifiés.;A identifier clairement et durablement en adéquation avec le futur schéma électrique;1;MAINT;2;03/09/2021 00:00;;;;
Rouleuse BOMBLED;Rouleuse;BOMBLED;;ELEC;Absence;Identification;cablage et appareillage;;;Les appareillages électriques ne sont pas identifiés.;A identifier clairement et durablement en adéquation avec le futur schéma électrique;1;MAINT;2;03/09/2021 00:00;;;;
Rectifieuse cylindrique CAENAHO;Rectifieuse cylindrique;CAENAHO;;MECA;Défaut;Protection;;;;Les dimensions du protecteur en face avant ne permettent pas de protéger correctement  cette zone.;Revoir les dimensions de ce protecteur suivant les prescriptions de la norme NF EN ISO 13857.;1;MAINT;1;04/06/2021 00:00;;;;
Mandrin motorisé CROWN;Mandrin motorisé;CROWN;;ELEC;Absence;Identification;Risque;;;Les énergies résiduelles générées par la présence d'un variateur ne sont pas indiquées en langue Française.;Nous vous invitons à indiquer les risques résiduels et le temps avant intervention en langue Française.;1;MAINT;2;03/09/2021 00:00;;;;
Scie verticale PEHAKA;Scie verticale;PEHAKA;;ELEC;Absence;Identification;Risque;;;Les énergies résiduelles générées par la présence d'un variateur ne sont pas indiquées en langue Française.;Nous vous invitons à indiquer les risques résiduels et le temps avant intervention en langue Française.;1;MAINT;2;03/09/2021 00:00;;;;
Tour parralèle transformé en rectifieuse cylindrique;Rectifieuse cylindrique;CROWN;;MECA;Défaut;Protection;Fixation;;;Les fixations de plusieurs protecteurs fixes peuvent être démontées sans outils.;Remplacer ces fixations par des fixations nécessitants l'emploi d'un outil pour leur démontage. De plus, Ces fixation devront rester solidaires des protecteurs ou de la machine lors du démontage des protecteurs.;1;MAINT;1;04/06/2021 00:00;;;;
Tour parralèle H.ERNAULT.SOMUA Num 9159;Tour parallèle;H.ERNAULT.SOMUA;Num 9159;ELEC;Défaut;Consignation;;;;Les portes d'accès à l'armoire électrique ne nécessitent aucun outil pour leur ouverture.;Installer des systèmes de fixation nécessitant l'emploi d'un outil.;1;MAINT;2;03/09/2021 00:00;;;;
Rectifieuse plane PARKER MAJESTIC Num 93;Rectifieuse plane;PARKER MAJESTIC;Num 93;ELEC;Défaut;;Commande(s);;;Plusieurs boutons de commandes sont dégradés.;Les remplacer.;1;MAINT;2;03/09/2021 00:00;;;;
Perceuse à colonne CINCINNATI Num 7020;Perceuse à colonne;CINCINNATI;Num 7020;ELEC;Défaut;cablage et appareillage;;;;Plusieurs conducteurs de protection sont raccordés sur la même borne.;Nous vous rappelons que, conformément aux prescriptions de la norme EN60204-1, les conducteurs de protection doivent être rappelés unitairement.;1;MAINT;2;03/09/2021 00:00;13/07/21 00:00;600;2;IJDU
Perceuse à colonne SYDERIC Num 06I279;Perceuse à colonne;SYDERIC;Num 06I279;ELEC;Défaut;cablage et appareillage;;;;Plusieurs conducteurs de protection sont raccordés sur la même borne.;Nous vous rappelons que, conformément aux prescriptions de la norme EN60204-1, les conducteurs de protection doivent être rappelés unitairement.;1;MAINT;2;03/09/2021 00:00;16/07/21 00:00;600;2;IJDU
Touret à meuler CONSTAN Num 50366;Touret à meuler;CONSTAN;Num 50366;ELEC;Défaut;cablage et appareillage;;;;Plusieurs conducteurs de protection sont raccordés sur la même borne.;Nous vous rappelons que, conformément aux prescriptions de la norme EN60204-1, les conducteurs de protection doivent être rappelés unitairement.;1;MAINT;2;03/09/2021 00:00;20/07/21 00:00;600;2;IJDU
Touret à meuler CONSTAN Num 14972;Touret à meuler;CONSTAN;Num 14972;ELEC;Défaut;cablage et appareillage;;;;Plusieurs conducteurs de protection sont raccordés sur la même borne.;Nous vous rappelons que, conformément aux prescriptions de la norme EN60204-1, les conducteurs de protection doivent être rappelés unitairement.;1;MAINT;2;03/09/2021 00:00;23/07/21 00:00;600;2;IJDU
Touret à meuler (Local rectifieuses);Touret à meuler;;(Local rectifieuses);ELEC;Défaut;cablage et appareillage;;;;Plusieurs conducteurs de protection sont raccordés sur la même borne.;Nous vous rappelons que, conformément aux prescriptions de la norme EN60204-1, les conducteurs de protection doivent être rappelés unitairement.;1;MAINT;2;03/09/2021 00:00;27/07/21 00:00;600;2;IJDU
Touret à meuler (Local rectifieuses);Touret à meuler;;(Local rectifieuses);ELEC;Défaut;cablage et appareillage;;;;Plusieurs conducteurs de protection sont raccordés sur la même borne.;Nous vous rappelons que, conformément aux prescriptions de la norme EN60204-1, les conducteurs de protection doivent être rappelés unitairement.;1;MAINT;2;03/09/2021 00:00;30/07/21 00:00;600;2;IJDU
Touret à meuler CONSTAN Num 947248;Touret à meuler;CONSTAN;Num 947248;ELEC;Défaut;cablage et appareillage;;;;Plusieurs conducteurs de protection sont raccordés sur la même borne.;Nous vous rappelons que, conformément aux prescriptions de la norme EN60204-1, les conducteurs de protection doivent être rappelés unitairement.;1;MAINT;2;03/09/2021 00:00;03/08/21 00:00;600;2;IJDU
Perceuse à colonne CINCINNATI Num 13428;Perceuse à colonne;CINCINNATI;Num 13428;ELEC;Défaut;cablage et appareillage;;;;Plusieurs conducteurs de protection sont raccordés sur la même borne.;Nous vous rappelons que, conformément aux prescriptions de la norme EN60204-1, les conducteurs de protection doivent être rappelés unitairement.;1;MAINT;2;03/09/2021 00:00;06/08/21 00:00;600;2;IJDU
Perceuse à colonne ADAM (Local serrurerie);Perceuse à colonne;ADAM;(Local serrurerie);ELEC;Défaut;cablage et appareillage;;;;Plusieurs conducteurs de protection sont raccordés sur la même borne.;Nous vous rappelons que, conformément aux prescriptions de la norme EN60204-1, les conducteurs de protection doivent être rappelés unitairement.;1;MAINT;2;03/09/2021 00:00;10/08/21 00:00;600;2;IJDU
Fraiseuse G.DUFOUR;Fraiseuse;G.DUFOUR;;ELEC;Défaut;cablage et appareillage;;;;Plusieurs conducteurs de protection sont raccordés sur la même borne.;Nous vous rappelons que, conformément aux prescriptions de la norme EN60204-1, les conducteurs de protection doivent être rappelés unitairement.;1;MAINT;2;03/09/2021 00:00;13/08/21 00:00;600;2;IJDU
Rectifieuse plane PARKER MAJESTIC Num 93;Rectifieuse plane;PARKER MAJESTIC;Num 93;ELEC;Défaut;cablage et appareillage;;;;Plusieurs conducteurs de protection sont raccordés sur la même borne.;Nous vous rappelons que, conformément aux prescriptions de la norme EN60204-1, les conducteurs de protection doivent être rappelés unitairement.;1;MAINT;2;03/09/2021 00:00;17/08/21 00:00;600;2;IJDU
Polisseuse (Local serrurerie);Polisseuse;CROWN;;ELEC;Défaut;cablage et appareillage;;;;Plusieurs conducteurs de protection sont raccordés sur la même borne.;Nous vous rappelons que, conformément aux prescriptions de la norme EN60204-1, les conducteurs de protection doivent être rappelés unitairement.;1;MAINT;2;03/09/2021 00:00;20/08/21 00:00;600;2;IJDU
Cintreuse EONOR;Cintreuse;EONOR;;ELEC;Défaut;cablage et appareillage;;;;Plusieurs conducteurs de protection sont raccordés sur la même borne.;Nous vous rappelons que, conformément aux prescriptions de la norme EN60204-1, les conducteurs de protection doivent être rappelés unitairement.;1;MAINT;2;03/09/2021 00:00;24/08/21 00:00;600;2;IJDU
Rouleuse BOMBLED;Rouleuse;BOMBLED;;ELEC;Défaut;cablage et appareillage;;;;Plusieurs conducteurs de protection sont raccordés sur la même borne.;Nous vous rappelons que, conformément aux prescriptions de la norme EN60204-1, les conducteurs de protection doivent être rappelés unitairement.;1;MAINT;2;03/09/2021 00:00;27/08/21 00:00;600;2;IJDU
Tour parralèle transformé en rectifieuse cylindrique;Rectifieuse cylindrique;CROWN;;ELEC;Défaut;cablage et appareillage;;;;Plusieurs conducteurs de protection sont raccordés sur la même borne.;Nous vous rappelons que, conformément aux prescriptions de la norme EN60204-1, les conducteurs de protection doivent être rappelés unitairement.;1;MAINT;2;03/09/2021 00:00;31/08/21 00:00;600;2;IJDU
Mandrin motorisé CROWN;Mandrin motorisé;CROWN;;MAINT;Absence;Identification;;;;Plusieurs voyants et organes de commande se trouvant sur la porte de l'armoire électrique sont identifiés en anglais.;A traduire en français.;1;MAINT;2;03/09/2021 00:00;03/09/21 00:00;600;2;IJDU
Perceuse à colonne CINCINNATI Num 7020;Perceuse à colonne;CINCINNATI;Num 7020;MAINT;Absence;Identification;;;;Point non vérifié dans son intégralité en l'absence d'indication du calibre des fusibles sur ceux-ci. (Indication effacée);;0;MAINT;2;03/09/2021 00:00;07/09/21 00:00;600;2;IJDU
Perceuse à colonne CINCINNATI Num 13428;Perceuse à colonne;CINCINNATI;Num 13428;MAINT;Absence;Identification;;;;Point non vérifié dans son intégralité en l'absence d'indication du calibre des fusibles sur ceux-ci. (Indication effacée);;0;MAINT;2;04/06/2021 00:00;10/09/21 00:00;600;2;IJDU
Scie à ruban MAAC;Scie à ruban;MAAC;;MAINT;Absence;Identification;;;;Point non vérifié dans son intégralité en l'absence de schéma électrique.;;0;MAINT;3;03/12/2021 00:00;;;;
Tour parralèle CAZENEUVE;Tour parallèle;CAZENEUVE;;MECA;Risque;Ecrasement;Entrainement;;;Risque d'écrasement et d'entrainement en partie arrière de la machine par une tierce personne.;Modifier le protecteur existant en le rendant démontable uniquement avec un outil et faire en sorte qu'il ne tienne pas en place en l'absence de ses fixations.;1;MAINT;1;04/06/2021 00:00;25/06/21 00:00;150;3;FTA
Tour parralèle H.ERNAULT.SOMUA Num 9159;Tour parallèle;H.ERNAULT.SOMUA;Num 9159;MECA;Risque;Ecrasement;;;;Risque d'écrasement et d'entrainement en partie arrière de la machine par une tierce personne.;Compléter le protecteur fixe existant en le prolongeant sur toute la longueur de l'équipement.;1;MAINT;1;04/06/2021 00:00;29/06/21 00:00;150;3;FTA
Presse hydraulique FOG;Presse hydraulique;FOG;;MECA;Risque;Ecrasement;;;;Risque d'écrasement et d'entrainement au niveau des courroies.;Interdire l'accès suivant les prescriptions de la norme NF EN ISO 13857.;1;MAINT;1;04/06/2021 00:00;03/07/21 00:00;150;3;FTA
Cintreuse EONOR;Cintreuse;EONOR;;ELEC;Risque;Ecrasement;;;;Risque d'écrasement et de cisaillement lié à l'absence de dispositif anti-crispation sur les pédales de commande.;"Installer des pédales trois positions avec dispositif anti-crispation gérées avec un niveau de performance PL ""c"" au sens de la norme NF EN ISO 13849-1. Ce dispositif sera géré comme un arrêt d'urgence et nécessitera une action manuelle de réarmement pour la remise en marche de la machine.";1;MAINT;1;04/06/2021 00:00;07/07/21 00:00;150;3;FTA
Rouleuse BOMBLED;Rouleuse;BOMBLED;;ELEC;Risque;Ecrasement;;;;Risque d'écrasement et de cisaillement lié à l'absence de dispositif anti-crispation sur les pédales de commande.;"Installer des pédales trois positions avec dispositif anti-crispation gérées avec un niveau de performance PL ""c"" au sens de la norme NF EN ISO 13849-1. Ce dispositif sera géré comme un arrêt d'urgence et nécessitera une action manuelle de réarmement pour la remise en marche de la machine.";1;MAINT;1;04/06/2021 00:00;11/07/21 00:00;150;3;FTA
Rouleuse BOMBLED;Rouleuse;BOMBLED;;MECA;Risque;Ecrasement;;;;Risque d'écrasement et de cisaillement lié à l'accès au niveau de la zone de débattement de la tôle.;Installer, par exemple, une table de chargement permettant de tenir l'opérateur à distance.;1;MAINT;1;04/06/2021 00:00;15/07/21 00:00;150;3;FTA
Perceuse à colonne CINCINNATI Num 13428;Perceuse à colonne;CINCINNATI;Num 13428;MECA;Risque;Ecrasement;;;;Risque d'écrasement et de cisaillement lié à l'accès aux courroies de transmission par le dessous du protecteur mobile.;Interdire l'accès en plaçant un protecteur fixe suivant les prescriptions de la norme NF EN ISO 13857.;1;MAINT;1;04/06/2021 00:00;19/07/21 00:00;150;3;FTA
Perceuse à colonne ADAM (Local serrurerie);Perceuse à colonne;ADAM;(Local serrurerie);MECA;Risque;Ecrasement;;;;Risque d'écrasement et de cisaillement lié à l'accès aux courroies de transmission par le dessous du protecteur mobile.;Interdire l'accès en plaçant un protecteur fixe suivant les prescriptions de la norme NF EN ISO 13857.;1;MAINT;1;04/06/2021 00:00;23/07/21 00:00;150;3;FTA
Perceuse à colonne STOKVIS Num 1661;Perceuse à colonne;STOKVIS;Num 1661;MECA;Risque;Ecrasement;;;;Risque d'écrasement et de cisaillement lié à l'accès aux courroies de transmission par le dessous du protecteur mobile.;Interdire l'accès en plaçant un protecteur fixe suivant les prescriptions de la norme NF EN ISO 13857.;1;MAINT;1;04/06/2021 00:00;27/07/21 00:00;150;3;FTA
Perceuse à colonne CINCINNATI Num 5536;Perceuse à colonne;CINCINNATI;Num 5536;MECA;Risque;Ecrasement;;;;Risque d'écrasement et de cisaillement lié à l'accès aux courroies de transmission par le dessous du protecteur mobile.;Interdire l'accès en plaçant un protecteur fixe suivant les prescriptions de la norme NF EN ISO 13857.;1;MAINT;1;04/06/2021 00:00;31/07/21 00:00;150;3;FTA
Rectifieuse plane PARKER MAJESTIC Num 93;Rectifieuse plane;PARKER MAJESTIC;Num 93;MECA;Risque;Ecrasement;;;;Risque d'écrasement et de cisaillement lié aux accès aux éléments coulissants de la table.;Obturer les trous au niveau des éléments de table de manière à avoir deux éléments lisses coulissants entre eux.;1;MAINT;1;04/06/2021 00:00;04/08/21 00:00;150;3;FTA
Rectifieuse plane PANHARD;Rectifieuse plane;PANHARD;;MECA;Risque;Ecrasement;;;;Risque d'écrasement et de cisaillement liè aux accès aux éléments coulissants de la table.;Obturer les trous au niveau des éléments de table de manière à avoir deux éléments lisses coulissants entre eux.;1;MAINT;1;04/06/2021 00:00;08/08/21 00:00;150;3;FTA
Rectifieuse cylindrique CAENAHO;Rectifieuse cylindrique;CAENAHO;;MECA;Risque;Ecrasement;;;;Risque d'écrasement et de cisaillement liè aux accès aux éléments coulissants de la table.;Obturer les trous au niveau des éléments de table de manière à avoir deux éléments lisses coulissants entre eux.;1;MAINT;1;04/06/2021 00:00;12/08/21 00:00;150;3;FTA
Rectifieuse plane PANHARD;Rectifieuse plane;PANHARD;;OPE;Risque;Ecrasement;;;;Risque d'écrasement lié à l'espace insuffisant au niveau du mur (A droite) et à l'armoire de rangement (A gauche).;Revoir l'implantation de la machine afin d'avoir un espace minimale de 500 mm en fin de déplacement.;1;MAINT;1;04/06/2021 00:00;16/08/21 00:00;150;3;FTA
Rectifieuse cylindrique CAENAHO;Rectifieuse cylindrique;CAENAHO;;OPE;Risque;Ecrasement;;;;Risque d'écrasement lié à l'espace insuffisant au niveau du mur en partie arrière.;Revoir l'implantation de la machine afin d'avoir un espace minimale de 500 mm en fin de déplacement.;1;MAINT;1;04/06/2021 00:00;20/08/21 00:00;150;3;FTA
Rectifieuse plane PARKER MAJESTIC Num 93;Rectifieuse plane;PARKER MAJESTIC;Num 93;MECA;Risque;Entrainement;;;;Risque d'entrainement au niveau de plusieurs volants.;Une solution consisterait à remplacer ces volants par des volants avec une poignée débrayable.;1;MAINT;1;04/06/2021 00:00;24/08/21 00:00;150;3;FTA
Rectifieuse plane PARKER MAJESTIC Num 93;Rectifieuse plane;PARKER MAJESTIC;Num 93;MECA;Risque;Entrainement;Abrasion;;;Risque d'entrainement et d'abrasion au niveau de la meule en l'absence de protection de la partie non travaillante de celle-ci.;Installer un protecteur présentant une ouverture maximale de 150Ḟ  pour la partie de la meule nécessaire au travail.;1;MAINT;1;04/06/2021 00:00;28/08/21 00:00;150;3;FTA
Rectifieuse plane PARKER MAJESTIC Num 93;Rectifieuse plane;PARKER MAJESTIC;Num 93;MECA;Risque;Entrainement;Abrasion;;;Risque d'entrainement et d'abrasion au niveau de la meule lié aux fixations du protecteur fixe qui ne nécessitent pas d'outil pour leur démontage.;"Remplacer ces vis de type ""molette"" par des vis nécessitant l'emploi d'un outil.";1;MAINT;1;04/06/2021 00:00;01/09/21 00:00;150;3;FTA
Scie verticale PEHAKA;Scie verticale;PEHAKA;;ELEC;Risque;Entrainement;Ecrasement;;;Risque d'entrainement et d'écrasement lié à l'absence d'asservissement au niveau des protecteurs mobiles des volants.;"Installer des dispositifs d'inter-verrouillage sur les protecteurs mobiles asservis à un contrôleur de vitesse nulle. La gestion de ces dispositifs d'inter-verrouillage devra répondre à un niveau de performance PL ""c"" au sens de la norme NF EN ISO 13849-1.";1;MAINT;1;04/06/2021 00:00;05/09/21 00:00;150;3;FTA
Polisseuse (Local serrurerie);Polisseuse;CROWN;;OPE;Risque;Entrainement;Ecrasement;;;Risque d'entrainement et d'écrasement lié à l'accès à plusieurs points rentrants au niveau de la bande de ponçage.;Interdire l'accès suivant les prescriptions de la norme NF EN ISO 13857.;1;MAINT;1;04/06/2021 00:00;09/09/21 00:00;150;3;FTA
Tour parralèle transformé en rectifieuse cylindrique;Rectifieuse cylindrique;CROWN;;MECA;Risque;Entrainement;Ecrasement;;;Risque d'entrainement et d'écrasement lié au point rentrant entre la pièce à rectifier et le chariot transversal.;Une solution consisterait à faire tourner la pièce dans l'autre sens. Sinon il faudra interdire l'accès à ce point rentrant suivant les prescriptions de la norme NF EN ISO 13857.;1;MAINT;1;04/06/2021 00:00;13/09/21 00:00;150;3;FTA
Rectifieuse cylindrique CAENAHO;Rectifieuse cylindrique;CAENAHO;;ELEC;Risque;Entrainement;Cisaillement;;;Risque d'entrainement et de cisaillement au niveau des courroies du moteur de la broche par contournement du protecteur mobile en place.;"Asservir ce protecteur ou le transformer en protecteur fixe. Si vous choissisez d'asservir ce protecteur, alors la gestion de celui-ci devra répondre à un niveau de performance PL ""c"" au sens de la norme NF EN ISO 13849-1.";1;MAINT;1;04/06/2021 00:00;17/09/21 00:00;150;3;FTA
Mandrin motorisé CROWN;Mandrin motorisé;CROWN;;MECA;Risque;Entrainement;Cisaillement;;;Risque d'entrainement et de cisaillement au niveau du mandrin en l'absence de protection.;"Installer un protecteur mobile suivant les prescriptions de la norme NF EN ISO 13857. Le dispositif de verrouillage associé à ce dispositif sera géré avec un niveau de performance PL ""c"" au sens de la norme NF EN ISO 13849-1.";1;MAINT;1;04/06/2021 00:00;21/09/21 00:00;150;3;FTA
Mandrin motorisé CROWN;Mandrin motorisé;CROWN;;ELEC;Risque;Entrainement;Cisaillement;;;Risque d'entrainement et de cisaillement lié à l'absence de dispositif anti-crispation sur la pédale de commande.;"Installer une pédale trois positions avec dispositif anti-crispation gérée avec un niveau de performance PL ""c"" au sens de la norme NF EN ISO 13849-1. Ce dispositif sera géré comme un arrêt d'urgence et nécessitera une action manuelle de réarmement pour la remise en marche de la machine.";1;MAINT;1;04/06/2021 00:00;25/09/21 00:00;150;3;IJDU
Rectifieuse cylindrique CAENAHO;Rectifieuse cylindrique;CAENAHO;;OPE;Risque;Entrainement;Cisaillement;;;Risque d'entrainement et de cisaillement lié à l'accès au niveau de la courroie d'entrainement de la rectifieuse intérieure.;Interdire l'accès suivant les prescriptions de la norme NF EN ISO 13857.;1;MAINT;1;04/06/2021 00:00;29/09/21 00:00;150;3;FTA
Rectifieuse cylindrique CAENAHO;Rectifieuse cylindrique;CAENAHO;;ELEC;Risque;Entrainement;Cisaillement;;;Risque d'entrainement et de cisaillement lié à la présence d'un shunt sur le protecteur mobile en face avant.;A remettre en étét de fonctionnement.;1;MAINT;1;04/06/2021 00:00;03/10/21 00:00;150;3;FTA
Rectifieuse plane PARKER MAJESTIC Num 93;Rectifieuse plane;PARKER MAJESTIC;Num 93;OPE;Risque;Incendie;;;;Risque d'incendie lié à un court-circuit du fait de la présence d'huile dans l'armoire électrique.;Nettoyer et reprendre l'étanchéité de l'armoire électrique.;1;MAINT;1;04/06/2021 00:00;25/06/21 00:00;100;2;IJDU
Presse hydraulique FOG;Presse hydraulique;FOG;;MECA;Risque;Ecrasement;;;;Risque d'écrasement et de cisaillement d'un membre supérieur lors de la remonté du vérin hydraulique.;Assurer un espace minimale de 25 mm entre la tête et le corps du vérin lors de sa remontée.;1;MAINT;1;04/06/2021 00:00;29/06/21 00:00;250;3;FTA
Tour parralèle H.ERNAULT.SOMUA Num 9159;Tour parallèle;H.ERNAULT.SOMUA;Num 9159;MECA;Risque;Entrainement;;;;Risque d'entrainement au niveau de l'arbre à barre d'ébauche se trouvant derrière la poupée de broche lié à l'absence d'une des vis de fixation du protecteur fixe.;A remettre en place.;1;MAINT;1;04/06/2021 00:00;03/07/21 00:00;250;3;FTA
Tour parralèle CAZENEUVE;Tour parallèle;CAZENEUVE;;MECA;Risque;Entrainement;;;;Risque d'entrainement au niveau de l'arbre à barre d'ébauche se trouvant derrière la poupée de broche.;Installer un protecteur fixe suivant les prescriptions de la norme NF EN ISO 13857.;1;MAINT;1;04/06/2021 00:00;07/07/21 00:00;250;3;FTA
Tour parralèle H.ERNAULT.SOMUA Num 11531;Tour parallèle;H.ERNAULT.SOMUA;Num 11531;MECA;Risque;Entrainement;;;;Risque d'entrainement au niveau de l'arbre à barre d'ébauche se trouvant derrière la poupée de broche.;Installer un protecteur fixe suivant les prescriptions de la norme NF EN ISO 13857.;1;MAINT;1;04/06/2021 00:00;11/07/21 00:00;250;3;FTA
Tour parralèle transformé en rectifieuse cylindrique;Rectifieuse cylindrique;CROWN;;MECA;Risque;Entrainement;;;;Risque d'entrainement au niveau de l'arbre à barre d'ébauche se trouvant derrière la poupée de broche.;Installer un protecteur fixe suivant les prescriptions de la norme NF EN ISO 13857.;1;MAINT;1;04/06/2021 00:00;15/07/21 00:00;250;3;FTA
Tour parralèle H.ERNAULT.SOMUA Num 11531;Tour parallèle;H.ERNAULT.SOMUA;Num 11531;MECA;Risque;Entrainement;;;;Risque d'entrainement d'un membre supérieur au niveau des volants du trainard et du chariot.;Une solution consisterait à remplacer ces volants par des volants avec une poignée débrayable.;1;MAINT;1;04/06/2021 00:00;19/07/21 00:00;250;3;FTA
Tour parralèle H.ERNAULT.SOMUA Num 9159;Tour parallèle;H.ERNAULT.SOMUA;Num 9159;MECA;Risque;Entrainement;;;;Risque d'entrainement d'un membre supérieur au niveau des volants du trainard et du chariot.;Une solution consisterait à remplacer ces volants par des volants avec une poignée débrayable.;1;MAINT;1;04/06/2021 00:00;23/07/21 00:00;250;3;FTA
Tour parralèle CAZENEUVE;Tour parallèle;CAZENEUVE;;MECA;Risque;Entrainement;;;;Risque d'entrainement d'un membre supérieur au niveau du volant du trainard.;Une solution consisterait à remplacer ce volant par un volant avec une poignée débrayable.;1;MAINT;1;04/06/2021 00:00;27/07/21 00:00;250;3;FTA
Tour parralèle transformé en rectifieuse cylindrique;Rectifieuse cylindrique;CROWN;;MECA;Risque;Entrainement;;;;Risque d'entrainement d'un membre supérieur au niveau du volant du trainard.;Une solution consisterait à remplacer ce volant par un volant avec une poignée débrayable.;1;MAINT;1;04/06/2021 00:00;31/07/21 00:00;250;3;FTA
Perceuse à colonne CINCINNATI Num 7020;Perceuse à colonne;CINCINNATI;Num 7020;MECA;Risque;Entrainement;;;;Risque d'entrainement lié au temps d'arrêt de la machine lors de l'ouverture du protecteur mobile au niveau des courroies.;Installer un capteur interverrouillé avec retard mécanique manuel adapté au temps d'arrêt de la machine. La gestion de ce dispositif devra répondre à un niveau de performance PL ḋ c Ṡ au sens de la norme EN ISO 13849-1.;1;MAINT;1;04/06/2021 00:00;04/08/21 00:00;250;3;FTA
Perceuse à colonne SYDERIC Num 06I279;Perceuse à colonne;SYDERIC;Num 06I279;MECA;Risque;Entrainement;;;;Risque d'entrainement lié au temps d'arrêt de la machine lors de l'ouverture du protecteur mobile au niveau des courroies.;Installer un capteur interverrouillé avec retard mécanique manuel adapté au temps d'arrêt de la machine. La gestion de ce dispositif devra répondre à un niveau de performance PL ḋ c Ṡ au sens de la norme EN ISO 13849-1.;1;MAINT;1;04/06/2021 00:00;08/08/21 00:00;250;3;FTA
Perceuse à colonne CINCINNATI Num 13428;Perceuse à colonne;CINCINNATI;Num 13428;MECA;Risque;Entrainement;;;;Risque d'entrainement lié au temps d'arrêt de la machine lors de l'ouverture du protecteur mobile au niveau des courroies.;Installer un capteur interverrouillé avec retard mécanique manuel adapté au temps d'arrêt de la machine. La gestion de ce dispositif devra répondre à un niveau de performance PL ḋ c Ṡ au sens de la norme EN ISO 13849-1.;1;MAINT;1;04/06/2021 00:00;12/08/21 00:00;250;3;FTA
Perceuse à colonne ADAM (Local serrurerie);Perceuse à colonne;ADAM;(Local serrurerie);MECA;Risque;Entrainement;;;;Risque d'entrainement lié au temps d'arrêt de la machine lors de l'ouverture du protecteur mobile au niveau des courroies.;Installer un capteur interverrouillé avec retard mécanique manuel adapté au temps d'arrêt de la machine. La gestion de ce dispositif devra répondre à un niveau de performance PL ḋ c Ṡ au sens de la norme EN ISO 13849-1.;1;MAINT;1;04/06/2021 00:00;16/08/21 00:00;250;3;FTA
Perceuse à colonne CINCINNATI Num 22118P450;Perceuse à colonne;CINCINNATI;Num 22118P450;MECA;Risque;Entrainement;;;;Risque d'entrainement lié au temps d'arrêt de la machine lors de l'ouverture du protecteur mobile au niveau des courroies.;Installer un capteur interverrouillé avec retard mécanique manuel adapté au temps d'arrêt de la machine. La gestion de ce dispositif devra répondre à un niveau de performance PL ḋ c Ṡ au sens de la norme EN ISO 13849-1.;1;MAINT;1;04/06/2021 00:00;20/08/21 00:00;250;3;FTA
Perceuse à colonne STOKVIS Num 1661;Perceuse à colonne;STOKVIS;Num 1661;MECA;Risque;Entrainement;;;;Risque d'entrainement lié au temps d'arrêt de la machine lors de l'ouverture du protecteur mobile au niveau des courroies.;Installer un capteur interverrouillé avec retard mécanique manuel adapté au temps d'arrêt de la machine. La gestion de ce dispositif devra répondre à un niveau de performance PL ḋ c Ṡ au sens de la norme EN ISO 13849-1.;1;MAINT;1;04/06/2021 00:00;24/08/21 00:00;250;3;FTA
Perceuse à colonne CINCINNATI Num 5536;Perceuse à colonne;CINCINNATI;Num 5536;MECA;Risque;Entrainement;Cisaillement;;;Risque d'entrainement lié au temps d'arrêt de la machine lors de l'ouverture du protecteur mobile au niveau des courroies.;Installer un capteur interverrouillé avec retard mécanique manuel adapté au temps d'arrêt de la machine. La gestion de ce dispositif devra répondre à un niveau de performance PL ḋ c Ṡ au sens de la norme EN ISO 13849-1.;1;MAINT;1;04/06/2021 00:00;28/08/21 00:00;250;3;FTA
Perceuse à colonne CINCINNATI Num 7020;Perceuse à colonne;CINCINNATI;Num 7020;ELEC;Risque;Entrainement;;;;Risque d'inhibition d'un ordre d'arrêt lié à l'utilisation d'un dispositif de verrouillage qui n'est pas à action positive sur le protecteur mobile interdisant l'accès aux courroies de transmission.;Remplacer le dispositif de verrouillage par un dispositif à action positive.;1;MAINT;1;04/06/2021 00:00;01/09/21 00:00;250;3;FTA
Perceuse à colonne SYDERIC Num 06I279;Perceuse à colonne;SYDERIC;Num 06I279;ELEC;Risque;Entrainement;;;;Risque d'inhibition d'un ordre d'arrêt lié à l'utilisation d'un dispositif de verrouillage qui n'est pas à action positive sur le protecteur mobile interdisant l'accès aux courroies de transmission.;Remplacer le dispositif de verrouillage par un dispositif à action positive.;1;MAINT;1;04/06/2021 00:00;05/09/21 00:00;250;3;FTA
Perceuse à colonne CINCINNATI Num 13428;Perceuse à colonne;CINCINNATI;Num 13428;ELEC;Risque;Entrainement;;;;Risque d'inhibition d'un ordre d'arrêt lié à l'utilisation d'un dispositif de verrouillage qui n'est pas à action positive sur le protecteur mobile interdisant l'accès aux courroies de transmission.;Remplacer le dispositif de verrouillage par un dispositif à action positive.;1;MAINT;1;04/06/2021 00:00;09/09/21 00:00;250;3;FTA
Perceuse à colonne ADAM (Local serrurerie);Perceuse à colonne;ADAM;(Local serrurerie);ELEC;Risque;Entrainement;;;;Risque d'inhibition d'un ordre d'arrêt lié à l'utilisation d'un dispositif de verrouillage qui n'est pas à action positive sur le protecteur mobile interdisant l'accès aux courroies de transmission.;Remplacer le dispositif de verrouillage par un dispositif à action positive.;1;MAINT;1;04/06/2021 00:00;13/09/21 00:00;250;3;FTA
Perceuse à colonne CINCINNATI Num 22118P450;Perceuse à colonne;CINCINNATI;Num 22118P450;ELEC;Risque;Entrainement;;;;Risque d'inhibition d'un ordre d'arrêt lié à l'utilisation d'un dispositif de verrouillage qui n'est pas à action positive sur le protecteur mobile interdisant l'accès aux courroies de transmission.;Remplacer le dispositif de verrouillage par un dispositif à action positive.;1;MAINT;1;04/06/2021 00:00;17/09/21 00:00;250;3;FTA
Perceuse à colonne CINCINNATI Num 7020;Perceuse à colonne;CINCINNATI;Num 7020;ELEC;Risque;Eclairage;Brûlure;;;Risque de brulure au niveau de la lampe.;Remplacer la lampe par un modèle avec un indice de protection adapté.;1;MAINT;2;03/09/2021 00:00;02/07/21 00:00;150;1;IJDU
Perceuse à colonne CINCINNATI Num 13428;Perceuse à colonne;CINCINNATI;Num 13428;ELEC;Risque;Eclairage;Brûlure;;;Risque de brulure au niveau de la lampe.;Remplacer la lampe par un modèle avec un indice de protection adapté.;1;MAINT;2;03/09/2021 00:00;09/07/21 00:00;150;1;IJDU
Perceuse à colonne ADAM (Local serrurerie);Perceuse à colonne;ADAM;(Local serrurerie);ELEC;Risque;Eclairage;Brûlure;;;Risque de brulure au niveau de la lampe.;Remplacer la lampe par un modèle avec un indice de protection adapté.;1;MAINT;2;03/09/2021 00:00;16/07/21 00:00;150;1;IJDU
Perceuse à colonne CINCINNATI Num 22118P450;Perceuse à colonne;CINCINNATI;Num 22118P450;ELEC;Risque;Eclairage;Brûlure;;;Risque de brulure au niveau de la lampe.;Remplacer la lampe par un modèle avec un indice de protection adapté.;1;MAINT;2;03/09/2021 00:00;23/07/21 00:00;150;1;IJDU
Perceuse à colonne CINCINNATI Num 5536;Perceuse à colonne;CINCINNATI;Num 5536;ELEC;Risque;Eclairage;Brûlure;;;Risque de brulure au niveau de la lampe.;Remplacer la lampe par un modèle avec un indice de protection adapté.;1;MAINT;2;03/09/2021 00:00;30/07/21 00:00;150;1;IJDU
Tour parralèle transformé en rectifieuse cylindrique;Rectifieuse cylindrique;CROWN;;OPE;Risque;Cisaillement;;;;Risque de cisaillement et d'entraînement lié aux accès à l'arrière de la machine pour une tierce personne.;Interdire l'accès à l'arrière de la machine par le biais de deux protecteurs fixes.;1;MAINT;1;04/06/2021 00:00;;;;
Tour parralèle transformé en rectifieuse cylindrique;Rectifieuse cylindrique;CROWN;;ELEC;Risque;Electrocution;;;;Risque de contact direct au niveau de l'armoire électrique.;Mettre en place des plastrons avec des pictogrammes appropriés ou remplacer ces appareillages par des matériels présentant un indice de protection adapté.;1;MAINT;1;04/06/2021 00:00;;;;
Perceuse à colonne CINCINNATI Num 7020;Perceuse à colonne;CINCINNATI;Num 7020;ELEC;Risque;Eclairage;Electrocution;;;Risque de contact direct au niveau de la lampe.;Remplacer la lampe par un modèle avec un indice de protection adapté.;1;MAINT;1;04/06/2021 00:00;09/07/21 00:00;150;1;IJDU
Perceuse à colonne CINCINNATI Num 13428;Perceuse à colonne;CINCINNATI;Num 13428;ELEC;Risque;Eclairage;Electrocution;;;Risque de contact direct au niveau de la lampe.;Remplacer la lampe par un modèle avec un indice de protection adapté.;1;MAINT;1;04/06/2021 00:00;16/07/21 00:00;150;1;IJDU
Perceuse à colonne ADAM (Local serrurerie);Perceuse à colonne;ADAM;(Local serrurerie);ELEC;Risque;Eclairage;Electrocution;;;Risque de contact direct au niveau de la lampe.;Remplacer la lampe par un modèle avec un indice de protection adapté.;1;MAINT;1;04/06/2021 00:00;23/07/21 00:00;150;1;IJDU
Perceuse à colonne CINCINNATI Num 22118P450;Perceuse à colonne;CINCINNATI;Num 22118P450;ELEC;Risque;Eclairage;Electrocution;;;Risque de contact direct au niveau de la lampe.;Remplacer la lampe par un modèle avec un indice de protection adapté.;1;MAINT;1;04/06/2021 00:00;30/07/21 00:00;150;1;IJDU
Perceuse à colonne CINCINNATI Num 5536;Perceuse à colonne;CINCINNATI;Num 5536;ELEC;Risque;Eclairage;Electrocution;;;Risque de contact direct au niveau de la lampe.;Remplacer la lampe par un modèle avec un indice de protection adapté.;1;MAINT;1;04/06/2021 00:00;06/08/21 00:00;150;1;IJDU
Fraiseuse G.DUFOUR Num C0-01-451;Fraiseuse;G.DUFOUR;Num C0-01-451;ELEC;Risque;Electrocution;;;;Risque de contact direct au niveau de plusieurs appareillage de l'armoire électrique et notamment en amont du sectionneur porte fusible.;Mettre en place des plastrons avec des pictogrammes appropriés ou remplacer ces appareillages par des matériels présentant un indice de protection adapté.;1;MAINT;1;04/06/2021 00:00;13/08/21 00:00;150;1;IJDU
Tour parralèle H.ERNAULT.SOMUA Num 9159;Tour parallèle;H.ERNAULT.SOMUA;Num 9159;ELEC;Risque;Electrocution;;;;Risque de contact direct au niveau de plusieurs appareillage de l'armoire électrique.;Mettre en place des plastrons avec des pictogrammes appropriés ou remplacer ces appareillages par des matériels présentant un indice de protection adapté.;1;MAINT;1;04/06/2021 00:00;20/08/21 00:00;150;1;IJDU
Fraiseuse G.DUFOUR;Fraiseuse;G.DUFOUR;;ELEC;Risque;Electrocution;;;;Risque de contact direct au niveau de plusieurs appareillage de l'armoire électrique.;Mettre en place des plastrons avec des pictogrammes appropriés ou remplacer ces appareillages par des matériels présentant un indice de protection adapté.;1;MAINT;1;04/06/2021 00:00;27/08/21 00:00;150;1;IJDU
Rectifieuse plane PARKER MAJESTIC Num 93;Rectifieuse plane;PARKER MAJESTIC;Num 93;ELEC;Risque;Electrocution;;;;Risque de contact direct au niveau de plusieurs appareillage de l'armoire électrique.;Mettre en place des plastrons avec des pictogrammes appropriés ou remplacer ces appareillages par des matériels présentant un indice de protection adapté.;1;MAINT;1;04/06/2021 00:00;03/09/21 00:00;150;1;IJDU
Rectifieuse plane PANHARD;Rectifieuse plane;PANHARD;;ELEC;Risque;Electrocution;;;;Risque de contact direct au niveau de plusieurs appareillage de l'armoire électrique.;Mettre en place des plastrons avec des pictogrammes appropriés ou remplacer ces appareillages par des matériels présentant un indice de protection adapté.;1;MAINT;1;04/06/2021 00:00;10/09/21 00:00;150;1;IJDU
Rectifieuse cylindrique CAENAHO;Rectifieuse cylindrique;CAENAHO;;ELEC;Risque;Electrocution;;;;Risque de contact direct au niveau de plusieurs appareillage de l'armoire électrique.;Mettre en place des plastrons avec des pictogrammes appropriés ou remplacer ces appareillages par des matériels présentant un indice de protection adapté.;1;MAINT;1;04/06/2021 00:00;17/09/21 00:00;150;1;IJDU
Touret à meuler CONSTAN Num 947248;Touret à meuler;CONSTAN;Num 947248;ELEC;Risque;Electrocution;;;;Risque de contact directe au niveau des bornes de connexion amont du sectionneur.;Installer des caches bornes ou remplacer le sectionneur par un modèle présentant un indice de protection adapté.;1;MAINT;1;04/06/2021 00:00;24/09/21 00:00;150;1;IJDU
Perceuse à colonne CINCINNATI Num 13428;Perceuse à colonne;CINCINNATI;Num 13428;ELEC;Risque;Electrocution;;;;Risque de contact directe au niveau des bornes de connexion amont du sectionneur.;Installer des caches bornes ou remplacer le sectionneur par un modèle présentant un indice de protection adapté.;1;MAINT;1;04/06/2021 00:00;01/10/21 00:00;150;1;IJDU
Perceuse à colonne ADAM (Local serrurerie);Perceuse à colonne;ADAM;(Local serrurerie);ELEC;Risque;Electrocution;;;;Risque de contact directe au niveau des bornes de connexion amont du sectionneur.;Installer des caches bornes ou remplacer le sectionneur par un modèle présentant un indice de protection adapté.;1;MAINT;1;04/06/2021 00:00;08/10/21 00:00;150;1;IJDU
Touret à meuler CONSTAN Num 947248;Touret à meuler;CONSTAN;Num 947248;ELEC;Risque;Electrocution;;;;Risque de contact indirect au niveau de la face avant du boitier électrique en l'absence de liaison équipotentielle.;A réaliser.;1;MAINT;1;04/06/2021 00:00;15/10/21 00:00;150;1;IJDU
Perceuse à colonne CINCINNATI Num 13428;Perceuse à colonne;CINCINNATI;Num 13428;ELEC;Risque;Electrocution;;;;Risque de contact indirect au niveau de la face avant du boitier électrique en l'absence de liaison équipotentielle.;A réaliser.;1;MAINT;1;04/06/2021 00:00;22/10/21 00:00;150;1;IJDU
Perceuse à colonne ADAM (Local serrurerie);Perceuse à colonne;ADAM;(Local serrurerie);ELEC;Risque;Electrocution;;;;Risque de contact indirect au niveau de la face avant du boitier électrique en l'absence de liaison équipotentielle.;A réaliser.;1;MAINT;1;04/06/2021 00:00;29/10/21 00:00;150;1;IJDU
Scie verticale PEHAKA;Scie verticale;PEHAKA;;ELEC;Risque;Electrocution;;;;Risque de contact indirect au niveau de la porte de l'armoire électrique en l'absence de liaison équipotentielle.;A réaliser.;1;MAINT;1;04/06/2021 00:00;05/11/21 00:00;150;1;IJDU
Tour parralèle H.ERNAULT.SOMUA Num 9159;Tour parallèle;H.ERNAULT.SOMUA;Num 9159;ELEC;Risque;Electrocution;;;;Risque de contact indirect au niveau des portes d'accès à l'armoire électrique en l'absence de liaison équipotentielle.;A réaliser.;1;MAINT;1;04/06/2021 00:00;12/11/21 00:00;150;1;IJDU
Rectifieuse cylindrique CAENAHO;Rectifieuse cylindrique;CAENAHO;;ELEC;Risque;Electrocution;;;;Risque de contact indirect au niveau des portes de l'armoire électrique en l'absence de liaison équipotentielle.;A réaliser.;1;MAINT;1;04/06/2021 00:00;19/11/21 00:00;150;1;IJDU
Fraiseuse G.DUFOUR Num C0-01-451;Fraiseuse;G.DUFOUR;Num C0-01-451;ELEC;Risque;Electrocution;;;;Risque de contact indirect en l'absence de dispositif de protection différentiel au niveau d'une prise de courant.;A installer.;1;MAINT;1;04/06/2021 00:00;26/11/21 00:00;150;1;IJDU
Scie verticale PEHAKA;Scie verticale;PEHAKA;;ELEC;Risque;Electrocution;;;;Risque de contact indirect en l'absence de dispositif de protection différentiel au niveau de la prise de courant.;A installer.;1;MAINT;1;04/06/2021 00:00;03/12/21 00:00;150;1;IJDU
Fraiseuse G.DUFOUR;Fraiseuse;G.DUFOUR;;ELEC;Risque;Electrocution;;;;Risque de contact indirect en l'absence de dispositif de protection différentiel au niveau des deux prises de courant.;A installer.;1;MAINT;1;04/06/2021 00:00;10/12/21 00:00;150;1;IJDU
Tour parralèle transformé en rectifieuse cylindrique;Rectifieuse cylindrique;CROWN;;ELEC;Risque;Electrocution;;;;Risque de contact indirect lié à l'absence de protection différentiel au  niveau de la prise de courant se trouvant sur l'équipement.;Mettre en place une protection différentiel sur cette prise.;1;MAINT;1;04/06/2021 00:00;16/07/21 00:00;300;1;FTA
Rectifieuse plane PARKER MAJESTIC Num 93;Rectifieuse plane;PARKER MAJESTIC;Num 93;HYDRO;Risque;Fouettement;;;;Risque de fouettement en cas de rupture d'un flexible hydraulique.;Nous vous recommandons d'utiliser des chaines ou du câble métallique sur chacune de ses extrémités.;1;MAINT;1;04/06/2021 00:00;23/07/21 00:00;300;1;FTA
Rectifieuse plane PANHARD;Rectifieuse plane;PANHARD;;HYDRO;Risque;Fouettement;;;;Risque de fouettement en cas de rupture d'un flexible hydraulique.;Nous vous recommandons d'utiliser des chaines ou du câble métallique sur chacune de ses extrémités.;1;MAINT;1;04/06/2021 00:00;30/07/21 00:00;300;1;FTA
Rectifieuse cylindrique CAENAHO;Rectifieuse cylindrique;CAENAHO;;HYDRO;Risque;Fouettement;;;;Risque de fouettement en cas de rupture d'un flexible hydraulique.;Nous vous recommandons d'utiliser des chaines ou du câble métallique sur chacune de ses extrémités.;1;MAINT;1;04/06/2021 00:00;06/08/21 00:00;300;1;FTA
Tour parralèle CAZENEUVE;Tour parallèle;CAZENEUVE;;ELEC;Risque;Mise en marche intempestive;;;;Risque de mise en marche intempestive ou d'inhibition d'un ordre d'arrêt en l'absence de schéma de liaison à la terre au secondaire de l'alimentation.;A réaliser.;1;MAINT;2;03/09/2021 00:00;;;;
Tour parralèle H.ERNAULT.SOMUA Num 11531;Tour parallèle;H.ERNAULT.SOMUA;Num 11531;ELEC;Risque;Mise en marche intempestive;;;;Risque de mise en marche intempestive ou d'inhibition d'un ordre d'arrêt en l'absence de schéma de liaison à la terre au secondaire de l'alimentation.;A réaliser.;1;MAINT;2;03/09/2021 00:00;;;;
Rectifieuse plane PANHARD;Rectifieuse plane;PANHARD;;ELEC;Risque;Mise en marche intempestive;;;;Risque de mise en marche intempestive ou d'inhibition d'un ordre d'arrêt en l'absence de schéma de liaison à la terre au secondaire du transformateur.;A réaliser.;1;MAINT;2;03/09/2021 00:00;;;;
Rectifieuse cylindrique CAENAHO;Rectifieuse cylindrique;CAENAHO;;ELEC;Risque;Mise en marche intempestive;;;;Risque de mise en marche intempestive ou d'inhibition d'un ordre d'arrêt en l'absence de schéma de liaison à la terre au secondaire du transformateur.;A réaliser.;1;MAINT;2;03/09/2021 00:00;;;;
Scie verticale PEHAKA;Scie verticale;PEHAKA;;ELEC;Risque;Mise en marche intempestive;;;;Risque de mise en marche intempestive ou d'inhibition d'un ordre d'arrêt en l'absence de schéma de liaison à la terre au secondaire du transformateur.;A réaliser.;1;MAINT;2;03/09/2021 00:00;;;;
Tour parralèle transformé en rectifieuse cylindrique;Rectifieuse cylindrique;CROWN;;ELEC;Risque;Mise en marche intempestive;;;;Risque de mise en marche intempestive ou d'inhibition d'un ordre d'arrêt en l'absence de schéma de liaison à la terre au secondaire du transformateur.;A réaliser.;1;MAINT;2;03/09/2021 00:00;;;;
Rectifieuse plane PARKER MAJESTIC Num 93;Rectifieuse plane;PARKER MAJESTIC;Num 93;HYDRO;Risque;Perforation;;;;Risque de perforation sur micro-fuite au niveau des flexibles hydrauliques.;Installer des gaines brise jet sur toute la longueur des flexibles accessibles.;1;MAINT;2;03/09/2021 00:00;;;;
Rectifieuse plane PANHARD;Rectifieuse plane;PANHARD;;HYDRO;Risque;Perforation;;;;Risque de perforation sur micro-fuite au niveau des flexibles hydrauliques.;Installer des gaines brise jet sur toute la longueur des flexibles accessibles.;1;MAINT;2;03/09/2021 00:00;;;;
Rectifieuse cylindrique CAENAHO;Rectifieuse cylindrique;CAENAHO;;HYDRO;Risque;Perforation;;;;Risque de perforation sur micro-fuite au niveau des flexibles hydrauliques.;Installer des gaines brise jet sur toute la longueur des flexibles accessibles.;1;MAINT;2;03/09/2021 00:00;;;;
Perceuse à colonne CINCINNATI Num 7020;Perceuse à colonne;CINCINNATI;Num 7020;MECA;Risque;Projection;;;;Risque de projection de pièce ou de l'étau en l'absence de dispositif de fixation de celui-ci sur la table.;Installer un dispositif de fixation de l'étau sur la table. De plus, il faudra mettre en place une signalisation parfaitement visible et compréhensible rappelant de fixer les pièces et porte-pièces qui peuvent être entraînées en rotation ainsi que l'interdiction de maintenir les pièces de petites dimensions à la main.;1;MAINT;1;04/06/2021 00:00;16/07/21 00:00;300;3;FTA
Perceuse à colonne CINCINNATI Num 13428;Perceuse à colonne;CINCINNATI;Num 13428;MECA;Risque;Projection;;;;Risque de projection de pièce ou de l'étau en l'absence de dispositif de fixation de celui-ci sur la table.;Installer un dispositif de fixation de l'étau sur la table. De plus, il faudra mettre en place une signalisation parfaitement visible et compréhensible rappelant de fixer les pièces et porte-pièces qui peuvent être entraînées en rotation ainsi que l'interdiction de maintenir les pièces de petites dimensions à la main.;1;MAINT;1;04/06/2021 00:00;23/07/21 00:00;300;3;FTA
Perceuse à colonne ADAM (Local serrurerie);Perceuse à colonne;ADAM;(Local serrurerie);MECA;Risque;Projection;;;;Risque de projection de pièce ou de l'étau en l'absence de dispositif de fixation de celui-ci sur la table.;Installer un dispositif de fixation de l'étau sur la table. De plus, il faudra mettre en place une signalisation parfaitement visible et compréhensible rappelant de fixer les pièces et porte-pièces qui peuvent être entraînées en rotation ainsi que l'interdiction de maintenir les pièces de petites dimensions à la main.;1;MAINT;1;04/06/2021 00:00;30/07/21 00:00;300;3;FTA
Perceuse à colonne CINCINNATI Num 22118P450;Perceuse à colonne;CINCINNATI;Num 22118P450;MECA;Risque;Projection;;;;Risque de projection de pièce ou de l'étau en l'absence de dispositif de fixation de celui-ci sur la table.;Installer un dispositif de fixation de l'étau sur la table. De plus, il faudra mettre en place une signalisation parfaitement visible et compréhensible rappelant de fixer les pièces et porte-pièces qui peuvent être entraînées en rotation ainsi que l'interdiction de maintenir les pièces de petites dimensions à la main.;1;MAINT;1;04/06/2021 00:00;06/08/21 00:00;300;3;FTA
Perceuse à colonne STOKVIS Num 1661;Perceuse à colonne;STOKVIS;Num 1661;MECA;Risque;Projection;;;;Risque de projection de pièce ou de l'étau en l'absence de dispositif de fixation de celui-ci sur la table.;Installer un dispositif de fixation de l'étau sur la table. De plus, il faudra mettre en place une signalisation parfaitement visible et compréhensible rappelant de fixer les pièces et porte-pièces qui peuvent être entraînées en rotation ainsi que l'interdiction de maintenir les pièces de petites dimensions à la main.;1;MAINT;1;04/06/2021 00:00;13/08/21 00:00;300;3;FTA
Perceuse à colonne CINCINNATI Num 5536;Perceuse à colonne;CINCINNATI;Num 5536;MECA;Risque;Projection;;;;Risque de projection de pièce ou de l'étau en l'absence de dispositif de fixation de celui-ci sur la table.;Installer un dispositif de fixation de l'étau sur la table. De plus, il faudra mettre en place une signalisation parfaitement visible et compréhensible rappelant de fixer les pièces et porte-pièces qui peuvent être entraînées en rotation ainsi que l'interdiction de maintenir les pièces de petites dimensions à la main.;1;MAINT;1;04/06/2021 00:00;20/08/21 00:00;300;3;FTA
Scie à ruban MAAC;Scie à ruban;MAAC;;ELEC;Risque;Cisaillement;coupure;;;Risques de coupure et de cisaillement d'un membre supérieur lié au temps d'arrêt de la machine lors de l'ouverture du protecteur mobile.;"Installer un dispositif d'inter-verrouillage sur le protecteur mobile asservi à un contrôleur de vitesse nulle. La gestion de ce dispositif devra répondre à un PL ""c"" au sens de la norme NF EN ISO 13849-1.";1;MAINT;1;04/06/2021 00:00;06/08/21 00:00;300;3;IJDU
Mandrin motorisé CROWN;Mandrin motorisé;CROWN;;MAINT;Absence;Note de Calcul;;;;"Suite aux modifications réalisées en 2017 et en l'absence de note de calcul justifiant le niveau de performance atteint pour les circuits de commande, ce point ne peut pas être vérifié dans son intégralité ; seuls des essais fonctionnels ont été effectués.";;0;;3;03/12/2021 00:00;;;;
